{"cpu_time": 0.0, "wallclock_time": 7.343292236328125e-05, "evaluations": 0, "cost": 2147483648, "incumbent": {"const_mut_rate": 1.02, "const_mut_str": 1.01, "mut_rate": 0.2, "mut_strength": 0.2, "p_crossover": 0.3, "p_elitism": 0.2, "p_mutation": 0.3, "p_random": 0.2}, "budget": 0, "origin": "Initial design"}
{"cpu_time": 255.60192465782166, "wallclock_time": 255.69092297554016, "evaluations": 1, "cost": 1088.803049940835, "incumbent": {"const_mut_rate": 1.02, "const_mut_str": 1.01, "mut_rate": 0.2, "mut_strength": 0.2, "p_crossover": 0.3, "p_elitism": 0.2, "p_mutation": 0.3, "p_random": 0.2}, "budget": 0, "origin": "Initial design"}
{"cpu_time": 434563.04829478264, "wallclock_time": 434788.81678175926, "evaluations": 662, "cost": 1750.760160293894, "incumbent": {"const_mut_rate": 1.9011779391873587, "const_mut_str": 1.0933037669892844, "mut_rate": 0.8830945868359773, "mut_strength": 0.44762226713847286, "p_crossover": 0.9552672568369451, "p_elitism": 0.7944093466475529, "p_mutation": 0.2977017953380591, "p_random": 0.19048695756654863}, "budget": 0, "origin": "Local Search"}
{"cpu_time": 486301.33233356476, "wallclock_time": 486685.65973615646, "evaluations": 912, "cost": 1723.5725930162926, "incumbent": {"const_mut_rate": 1.15646539897096, "const_mut_str": 1.9604068564845865, "mut_rate": 0.4543929435674854, "mut_strength": 0.5303816099081408, "p_crossover": 0.6036213320641268, "p_elitism": 0.5019785026115933, "p_mutation": 0.1588160538081551, "p_random": 0.11187533163187979}, "budget": 0, "origin": "Random Search"}
