{"cpu_time": 0.0, "wallclock_time": 7.295608520507812e-05, "evaluations": 0, "cost": 2147483648, "incumbent": {"const_mut_rate": 1.02, "const_mut_str": 1.01, "mut_rate": 0.2, "mut_strength": 0.2, "p_crossover": 0.3, "p_elitism": 0.2, "p_mutation": 0.3, "p_random": 0.2}, "budget": 0, "origin": "Initial design"}
{"cpu_time": 827.685299873352, "wallclock_time": 827.7529530525208, "evaluations": 1, "cost": 4711.491568003034, "incumbent": {"const_mut_rate": 1.02, "const_mut_str": 1.01, "mut_rate": 0.2, "mut_strength": 0.2, "p_crossover": 0.3, "p_elitism": 0.2, "p_mutation": 0.3, "p_random": 0.2}, "budget": 0, "origin": "Initial design"}
{"cpu_time": 68326.87957549095, "wallclock_time": 68349.85989665985, "evaluations": 101, "cost": 2246.188968264589, "incumbent": {"const_mut_rate": 1.9287834541945141, "const_mut_str": 1.7441324652760661, "mut_rate": 0.02308281996673783, "mut_strength": 0.2754701410114122, "p_crossover": 0.5074938413327951, "p_elitism": 0.9818256785970008, "p_mutation": 0.9543611390454483, "p_random": 0.16347600197988754}, "budget": 0, "origin": "Local Search"}
{"cpu_time": 509522.7402408123, "wallclock_time": 509760.0390532017, "evaluations": 534, "cost": 2113.1501584071243, "incumbent": {"const_mut_rate": 1.9231767257259238, "const_mut_str": 1.741829312176939, "mut_rate": 0.032654793608725786, "mut_strength": 0.3393178348897281, "p_crossover": 0.43652419439446183, "p_elitism": 0.8914993349627793, "p_mutation": 0.9255513712347873, "p_random": 0.16347600197988754}, "budget": 0, "origin": "Local Search"}
{"cpu_time": 685848.5500280857, "wallclock_time": 686453.3605992794, "evaluations": 873, "cost": 1940.7214628867357, "incumbent": {"const_mut_rate": 1.414355740509179, "const_mut_str": 1.8952612697969413, "mut_rate": 0.03569805770898423, "mut_strength": 0.06323887416022746, "p_crossover": 0.37900705403763124, "p_elitism": 0.9734566664095913, "p_mutation": 0.10459140895176128, "p_random": 0.0981730432358253}, "budget": 0, "origin": "Local Search"}
