{"cpu_time": 0.0, "wallclock_time": 3.695487976074219e-05, "evaluations": 0, "cost": 2147483648, "incumbent": {"const_mut_rate": 1.02, "const_mut_str": 1.01, "mut_rate": 0.2, "mut_strength": 0.2, "p_crossover": 0.3, "p_elitism": 0.2, "p_mutation": 0.3, "p_random": 0.2}, "budget": 0, "origin": "Initial design"}
{"cpu_time": 214.55827140808105, "wallclock_time": 214.61606335639954, "evaluations": 1, "cost": 1190.4146217614214, "incumbent": {"const_mut_rate": 1.02, "const_mut_str": 1.01, "mut_rate": 0.2, "mut_strength": 0.2, "p_crossover": 0.3, "p_elitism": 0.2, "p_mutation": 0.3, "p_random": 0.2}, "budget": 0, "origin": "Initial design"}
{"cpu_time": 54140.96135759354, "wallclock_time": 54154.85859155655, "evaluations": 103, "cost": 2375.6784556556277, "incumbent": {"const_mut_rate": 1.0547079237945942, "const_mut_str": 1.3019444709225434, "mut_rate": 0.44460987447732514, "mut_strength": 0.8535276442654867, "p_crossover": 0.6384118844133511, "p_elitism": 0.6225166464566078, "p_mutation": 0.9302740337049434, "p_random": 0.4051594816153421}, "budget": 0, "origin": "Random Search"}
{"cpu_time": 305484.10803484917, "wallclock_time": 305610.954177618, "evaluations": 352, "cost": 2409.001412256445, "incumbent": {"const_mut_rate": 1.3893667988035303, "const_mut_str": 1.1834435517051514, "mut_rate": 0.5351439655027433, "mut_strength": 0.9772489332967456, "p_crossover": 0.9255505949708459, "p_elitism": 0.5735737354936168, "p_mutation": 0.993985702309915, "p_random": 0.033471602093467695}, "budget": 0, "origin": "Local Search"}
{"cpu_time": 889309.966250658, "wallclock_time": 889863.434689045, "evaluations": 871, "cost": 2377.1930241543396, "incumbent": {"const_mut_rate": 1.5200917139044383, "const_mut_str": 1.2965478228563603, "mut_rate": 0.5348976400858049, "mut_strength": 0.9397332589834507, "p_crossover": 0.8416339978657225, "p_elitism": 0.6017511635073435, "p_mutation": 0.9839795489228977, "p_random": 0.04005307699823035}, "budget": 0, "origin": "Local Search"}
