{"cpu_time": 0.0, "wallclock_time": 5.7220458984375e-05, "evaluations": 0, "cost": 2147483648, "incumbent": {"const_mut_rate": 1.02, "const_mut_str": 1.01, "mut_rate": 0.2, "mut_strength": 0.2, "p_crossover": 0.3, "p_elitism": 0.2, "p_mutation": 0.3, "p_random": 0.2}, "budget": 0, "origin": "Initial design"}
{"cpu_time": 39.533466815948486, "wallclock_time": 39.57296681404114, "evaluations": 1, "cost": 1641.1486333607158, "incumbent": {"const_mut_rate": 1.02, "const_mut_str": 1.01, "mut_rate": 0.2, "mut_strength": 0.2, "p_crossover": 0.3, "p_elitism": 0.2, "p_mutation": 0.3, "p_random": 0.2}, "budget": 0, "origin": "Initial design"}
{"cpu_time": 102943.73250341415, "wallclock_time": 102977.0656144619, "evaluations": 212, "cost": 2463.273096402153, "incumbent": {"const_mut_rate": 1.9918271521419593, "const_mut_str": 1.0957902605463263, "mut_rate": 0.37842941430738014, "mut_strength": 0.6977015111127333, "p_crossover": 0.892770374687466, "p_elitism": 0.9298979608829337, "p_mutation": 0.9923143773482097, "p_random": 0.6838991432808793}, "budget": 0, "origin": "Local Search"}
{"cpu_time": 313225.2526166439, "wallclock_time": 313368.80270171165, "evaluations": 492, "cost": 2291.042566521563, "incumbent": {"const_mut_rate": 1.1272844696006636, "const_mut_str": 1.6502206358895941, "mut_rate": 0.6472876467360481, "mut_strength": 0.17019163374312418, "p_crossover": 0.15543035692019722, "p_elitism": 0.3591711166579262, "p_mutation": 0.2940164952920049, "p_random": 0.06464825880331815}, "budget": 0, "origin": "Local Search"}
{"cpu_time": 474154.6888203621, "wallclock_time": 474385.5968439579, "evaluations": 672, "cost": 2249.176129708204, "incumbent": {"const_mut_rate": 1.7104303903349216, "const_mut_str": 1.3979054416294394, "mut_rate": 0.5923590776075514, "mut_strength": 0.45385271987737563, "p_crossover": 0.6444336748906349, "p_elitism": 0.9201438120754961, "p_mutation": 0.5788357811909987, "p_random": 0.1991781827728668}, "budget": 0, "origin": "Local Search"}
{"cpu_time": 611552.8371565342, "wallclock_time": 611937.655680418, "evaluations": 899, "cost": 2205.903403217209, "incumbent": {"const_mut_rate": 1.7862520553696002, "const_mut_str": 1.0322986204645104, "mut_rate": 0.8262466142155529, "mut_strength": 0.2819347819411798, "p_crossover": 0.9128843759081059, "p_elitism": 0.5422150069459464, "p_mutation": 0.5667809160777021, "p_random": 0.13592355098235004}, "budget": 0, "origin": "Local Search"}
{"cpu_time": 1075058.1552696228, "wallclock_time": 1076081.9960048199, "evaluations": 1469, "cost": 2002.4419701676222, "incumbent": {"const_mut_rate": 1.8094320348020916, "const_mut_str": 1.5974277042891383, "mut_rate": 0.4077929361486388, "mut_strength": 0.2912738667745565, "p_crossover": 0.8781279073002798, "p_elitism": 0.5858075615015265, "p_mutation": 0.2558732463221153, "p_random": 0.030522553841594746}, "budget": 0, "origin": "Random Search"}
