{"cpu_time": 0.0, "wallclock_time": 6.556510925292969e-05, "evaluations": 0, "cost": 2147483648, "incumbent": ["const_mut_rate='1.02'", "const_mut_str='1.01'", "mut_rate='0.2'", "mut_strength='0.2'", "p_crossover='0.3'", "p_elitism='0.2'", "p_mutation='0.3'", "p_random='0.2'"], "origin": "Initial design"}
{"cpu_time": 193.75983142852783, "wallclock_time": 194.64692568778992, "evaluations": 1, "cost": 1176.8489594345017, "incumbent": ["const_mut_rate='1.02'", "const_mut_str='1.01'", "mut_rate='0.2'", "mut_strength='0.2'", "p_crossover='0.3'", "p_elitism='0.2'", "p_mutation='0.3'", "p_random='0.2'"], "origin": "Initial design"}
{"cpu_time": 120830.5581047535, "wallclock_time": 120851.00631928444, "evaluations": 98, "cost": 2295.666874895324, "incumbent": ["const_mut_rate='1.7612633057898768'", "const_mut_str='1.9556255038785535'", "mut_rate='0.4868875578631819'", "mut_strength='0.18100528805396288'", "p_crossover='0.3632848514572794'", "p_elitism='0.96917623548545'", "p_mutation='0.9282398164911695'", "p_random='0.14117447759081977'"], "origin": "Local Search"}
{"cpu_time": 272062.2499408722, "wallclock_time": 272152.62335395813, "evaluations": 259, "cost": 2134.7092835046483, "incumbent": ["const_mut_rate='1.8688337150543297'", "const_mut_str='1.8105624294787166'", "mut_rate='0.07176620737680278'", "mut_strength='0.34181054788445225'", "p_crossover='0.44459279188705425'", "p_elitism='0.9658994200820332'", "p_mutation='0.8243759257302163'", "p_random='0.157973918894253'"], "origin": "Local Search"}
{"cpu_time": 407996.1539719105, "wallclock_time": 408185.3296699524, "evaluations": 434, "cost": 2136.703253363168, "incumbent": ["const_mut_rate='1.8746810315486249'", "const_mut_str='1.7910109396884664'", "mut_rate='0.03673765542078935'", "mut_strength='0.34181054788445225'", "p_crossover='0.4374941123540602'", "p_elitism='0.9658994200820332'", "p_mutation='0.8468434432088031'", "p_random='0.16347600197988754'"], "origin": "Local Search"}
{"cpu_time": 888871.5807411671, "wallclock_time": 889816.0471332073, "evaluations": 1139, "cost": 1864.3468363255072, "incumbent": ["const_mut_rate='1.851435335682382'", "const_mut_str='1.7936429666031783'", "mut_rate='0.920627548731385'", "mut_strength='0.7082869764758758'", "p_crossover='0.4339867959732441'", "p_elitism='0.4551210841887676'", "p_mutation='0.043792609557532614'", "p_random='0.02760457545016204'"], "origin": "Random Search"}
