{"cpu_time": 0.0, "wallclock_time": 5.936622619628906e-05, "evaluations": 0, "cost": 2147483648, "incumbent": ["const_mut_rate='1.02'", "const_mut_str='1.01'", "mut_rate='0.2'", "mut_strength='0.2'", "p_crossover='0.3'", "p_elitism='0.2'", "p_mutation='0.3'", "p_random='0.2'"], "origin": "Initial design"}
{"cpu_time": 471.4828016757965, "wallclock_time": 471.5194547176361, "evaluations": 1, "cost": 2044.5718248233882, "incumbent": ["const_mut_rate='1.02'", "const_mut_str='1.01'", "mut_rate='0.2'", "mut_strength='0.2'", "p_crossover='0.3'", "p_elitism='0.2'", "p_mutation='0.3'", "p_random='0.2'"], "origin": "Initial design"}
{"cpu_time": 156407.57759308815, "wallclock_time": 156542.70363664627, "evaluations": 505, "cost": 2022.536616883035, "incumbent": ["const_mut_rate='1.60751398951599'", "const_mut_str='1.965539562359079'", "mut_rate='0.11005307662550212'", "mut_strength='0.6454150898993207'", "p_crossover='0.21622658296606867'", "p_elitism='0.20299965524351304'", "p_mutation='0.022309203157746427'", "p_random='0.05828863586378852'"], "origin": "Random Search"}
