{"cpu_time": 0.0, "wallclock_time": 7.033348083496094e-05, "evaluations": 0, "cost": 2147483648, "incumbent": ["const_mut_rate='1.02'", "const_mut_str='1.01'", "mut_rate='0.2'", "mut_strength='0.2'", "p_crossover='0.3'", "p_elitism='0.2'", "p_mutation='0.3'", "p_random='0.2'"], "origin": "Initial design"}
{"cpu_time": 47.06387782096863, "wallclock_time": 47.127687215805054, "evaluations": 1, "cost": 1449.3714975989342, "incumbent": ["const_mut_rate='1.02'", "const_mut_str='1.01'", "mut_rate='0.2'", "mut_strength='0.2'", "p_crossover='0.3'", "p_elitism='0.2'", "p_mutation='0.3'", "p_random='0.2'"], "origin": "Initial design"}
{"cpu_time": 44009.25451827049, "wallclock_time": 44051.505897045135, "evaluations": 157, "cost": 1674.449152433362, "incumbent": ["const_mut_rate='1.9419518688804114'", "const_mut_str='1.290229177313829'", "mut_rate='0.8860244966648024'", "mut_strength='0.3697721323343581'", "p_crossover='0.9817845695076649'", "p_elitism='0.779464508548721'", "p_mutation='0.3734753832814808'", "p_random='0.19161209829322007'"], "origin": "Local Search"}
