{"cpu_time": 0.0, "wallclock_time": 7.081031799316406e-05, "evaluations": 0, "cost": 2147483648, "incumbent": ["const_mut_rate='1.02'", "const_mut_str='1.01'", "mut_rate='0.2'", "mut_strength='0.2'", "p_crossover='0.3'", "p_elitism='0.2'", "p_mutation='0.3'", "p_random='0.2'"], "origin": "Initial design"}
{"cpu_time": 207.61708426475525, "wallclock_time": 207.65325093269348, "evaluations": 1, "cost": 1138.8260879055192, "incumbent": ["const_mut_rate='1.02'", "const_mut_str='1.01'", "mut_rate='0.2'", "mut_strength='0.2'", "p_crossover='0.3'", "p_elitism='0.2'", "p_mutation='0.3'", "p_random='0.2'"], "origin": "Initial design"}
{"cpu_time": 160574.59291005135, "wallclock_time": 160626.713637352, "evaluations": 269, "cost": 2434.5565416644276, "incumbent": ["const_mut_rate='1.9906383163055468'", "const_mut_str='1.1040054593189788'", "mut_rate='0.3981466546684859'", "mut_strength='0.7935075359534509'", "p_crossover='0.871427957771955'", "p_elitism='0.9159686372143635'", "p_mutation='0.9927185724142645'", "p_random='0.5935834210673746'"], "origin": "Local Search"}
{"cpu_time": 630706.4304132462, "wallclock_time": 631022.24558568, "evaluations": 782, "cost": 2247.572307951309, "incumbent": ["const_mut_rate='1.8276856007177105'", "const_mut_str='1.1065034637545967'", "mut_rate='0.8105048910784723'", "mut_strength='0.2964850375890898'", "p_crossover='0.8735380027894962'", "p_elitism='0.5547186609193658'", "p_mutation='0.566765288229121'", "p_random='0.183528547172543'"], "origin": "Local Search"}
{"cpu_time": 935343.4697582722, "wallclock_time": 936130.7597708702, "evaluations": 1296, "cost": 2194.4109799656408, "incumbent": ["const_mut_rate='1.7104303903349216'", "const_mut_str='1.3678529496471517'", "mut_rate='0.5975881711403008'", "mut_strength='0.4432917179580619'", "p_crossover='0.6444336748906349'", "p_elitism='0.9285005249665262'", "p_mutation='0.5963012549925002'", "p_random='0.1991781827728668'"], "origin": "Local Search"}
{"cpu_time": 1041207.2598922253, "wallclock_time": 1042288.8739991188, "evaluations": 1558, "cost": 2168.826169887315, "incumbent": ["const_mut_rate='1.363219871330574'", "const_mut_str='1.248507730033839'", "mut_rate='0.029868103441714568'", "mut_strength='0.2873965249644524'", "p_crossover='0.5191761709018914'", "p_elitism='0.892975245288518'", "p_mutation='0.3749483789266372'", "p_random='0.08825884896441126'"], "origin": "Local Search"}
