{"cpu_time": 0.0, "wallclock_time": 7.534027099609375e-05, "evaluations": 0, "cost": 2147483648, "incumbent": ["const_mut_rate='1.02'", "const_mut_str='1.01'", "mut_rate='0.2'", "mut_strength='0.2'", "p_crossover='0.3'", "p_elitism='0.2'", "p_mutation='0.3'", "p_random='0.2'"], "origin": "Initial design"}
{"cpu_time": 473.900354385376, "wallclock_time": 474.01662516593933, "evaluations": 1, "cost": 2025.1620398091545, "incumbent": ["const_mut_rate='1.02'", "const_mut_str='1.01'", "mut_rate='0.2'", "mut_strength='0.2'", "p_crossover='0.3'", "p_elitism='0.2'", "p_mutation='0.3'", "p_random='0.2'"], "origin": "Initial design"}
{"cpu_time": 199386.12063145638, "wallclock_time": 199661.01841044426, "evaluations": 665, "cost": 1959.8848298806352, "incumbent": ["const_mut_rate='1.9772643778587988'", "const_mut_str='1.270848367868854'", "mut_rate='0.09846300123480968'", "mut_strength='0.43871479983253203'", "p_crossover='0.5918200004341932'", "p_elitism='0.3380239757084976'", "p_mutation='0.22902418995515428'", "p_random='0.08738917314970474'"], "origin": "Random Search"}
{"cpu_time": 741771.1393332481, "wallclock_time": 742924.8573889732, "evaluations": 1763, "cost": 1740.7693210674354, "incumbent": ["const_mut_rate='1.475287935768393'", "const_mut_str='1.3022797437294051'", "mut_rate='0.273263420689897'", "mut_strength='0.775538581128384'", "p_crossover='0.8421278396659494'", "p_elitism='0.9549954365948407'", "p_mutation='0.6465288359229301'", "p_random='0.050116173598416025'"], "origin": "Random Search"}
