{"cpu_time": 0.0, "wallclock_time": 4.2438507080078125e-05, "evaluations": 0, "cost": 2147483648, "incumbent": ["const_mut_rate='1.02'", "const_mut_str='1.01'", "mut_rate='0.2'", "mut_strength='0.2'", "p_crossover='0.3'", "p_elitism='0.2'", "p_mutation='0.3'", "p_random='0.2'"], "origin": "Initial design"}
{"cpu_time": 372.34705543518066, "wallclock_time": 372.38465094566345, "evaluations": 1, "cost": 1970.0300619728268, "incumbent": ["const_mut_rate='1.02'", "const_mut_str='1.01'", "mut_rate='0.2'", "mut_strength='0.2'", "p_crossover='0.3'", "p_elitism='0.2'", "p_mutation='0.3'", "p_random='0.2'"], "origin": "Initial design"}
{"cpu_time": 341452.78836011887, "wallclock_time": 341619.81887221336, "evaluations": 439, "cost": 2418.6751831316083, "incumbent": ["const_mut_rate='1.2442226975391146'", "const_mut_str='1.713516899177367'", "mut_rate='0.696947452337352'", "mut_strength='0.23805289984693243'", "p_crossover='0.09811067343536262'", "p_elitism='0.7192970885798308'", "p_mutation='0.5253365666325882'", "p_random='0.14620256972114842'"], "origin": "Random Search"}
{"cpu_time": 491333.9600651264, "wallclock_time": 491588.3181462288, "evaluations": 622, "cost": 2158.9554898343486, "incumbent": ["const_mut_rate='1.6352748837288003'", "const_mut_str='1.3741763051170848'", "mut_rate='0.5975881711403008'", "mut_strength='0.449597508784907'", "p_crossover='0.6444336748906349'", "p_elitism='0.9285005249665262'", "p_mutation='0.596292799001734'", "p_random='0.1991781827728668'"], "origin": "Local Search"}
