{"cpu_time": 0.0, "wallclock_time": 4.220008850097656e-05, "evaluations": 0, "cost": 2147483648, "incumbent": ["const_mut_rate='1.02'", "const_mut_str='1.01'", "mut_rate='0.2'", "mut_strength='0.2'", "p_crossover='0.3'", "p_elitism='0.2'", "p_mutation='0.3'", "p_random='0.2'"], "origin": "Initial design"}
{"cpu_time": 155.9492928981781, "wallclock_time": 155.9849615097046, "evaluations": 1, "cost": 1127.9413378218396, "incumbent": ["const_mut_rate='1.02'", "const_mut_str='1.01'", "mut_rate='0.2'", "mut_strength='0.2'", "p_crossover='0.3'", "p_elitism='0.2'", "p_mutation='0.3'", "p_random='0.2'"], "origin": "Initial design"}
{"cpu_time": 101182.97383594513, "wallclock_time": 101199.93407273293, "evaluations": 100, "cost": 2232.904141142304, "incumbent": ["const_mut_rate='1.9498720079711904'", "const_mut_str='1.9522016177097008'", "mut_rate='0.11393323967465668'", "mut_strength='0.4903284112205563'", "p_crossover='0.3499556887670439'", "p_elitism='0.8518538686634415'", "p_mutation='0.9281027369151499'", "p_random='0.08279233184342522'"], "origin": "Local Search"}
{"cpu_time": 499919.6769526005, "wallclock_time": 500177.9248316288, "evaluations": 477, "cost": 2119.4534316142554, "incumbent": ["const_mut_rate='1.876413615744759'", "const_mut_str='1.7910109396884664'", "mut_rate='0.03673765542078935'", "mut_strength='0.3935668987173546'", "p_crossover='0.4391469075014114'", "p_elitism='0.9658994200820332'", "p_mutation='0.8308117052573624'", "p_random='0.16347600197988754'"], "origin": "Local Search"}
