{"cpu_time": 0.0, "wallclock_time": 6.151199340820312e-05, "evaluations": 0, "cost": 2147483648, "incumbent": {"const_mut_rate": 1.02, "const_mut_str": 1.01, "mut_rate": 0.2, "mut_strength": 0.2, "p_crossover": 0.3, "p_elitism": 0.2, "p_mutation": 0.3, "p_random": 0.2}, "budget": 0, "origin": "Initial design"}
{"cpu_time": 56.73061013221741, "wallclock_time": 56.79346966743469, "evaluations": 1, "cost": 2143.503376124536, "incumbent": {"const_mut_rate": 1.02, "const_mut_str": 1.01, "mut_rate": 0.2, "mut_strength": 0.2, "p_crossover": 0.3, "p_elitism": 0.2, "p_mutation": 0.3, "p_random": 0.2}, "budget": 0, "origin": "Initial design"}
{"cpu_time": 463470.3717405796, "wallclock_time": 463678.2258591652, "evaluations": 712, "cost": 2000.7257559257641, "incumbent": {"const_mut_rate": 1.6170729400408952, "const_mut_str": 1.5103952236258362, "mut_rate": 0.24779025594453966, "mut_strength": 0.3045474256730035, "p_crossover": 0.3363419193292684, "p_elitism": 0.9550471082055126, "p_mutation": 0.4140291718257232, "p_random": 0.18397099526896765}, "budget": 0, "origin": "Local Search"}
{"cpu_time": 588216.0565452576, "wallclock_time": 588599.9524958134, "evaluations": 1114, "cost": 2008.7048236801932, "incumbent": {"const_mut_rate": 1.6169131097145588, "const_mut_str": 1.5085612615538588, "mut_rate": 0.2627913154067964, "mut_strength": 0.3044624067138984, "p_crossover": 0.33563267673195674, "p_elitism": 0.9556336400332275, "p_mutation": 0.4149652719803424, "p_random": 0.22399632812697945}, "budget": 0, "origin": "Local Search"}
{"cpu_time": 1139961.6487193108, "wallclock_time": 1140618.9283077717, "evaluations": 1458, "cost": 1802.9896571122074, "incumbent": {"const_mut_rate": 1.416488282033766, "const_mut_str": 1.6481234537926166, "mut_rate": 0.8815367062080671, "mut_strength": 0.5343463266300948, "p_crossover": 0.7490224760447135, "p_elitism": 0.9444709173970559, "p_mutation": 0.6744595623682701, "p_random": 0.02096689831474969}, "budget": 0, "origin": "Local Search"}
