{"cpu_time": 0.0, "wallclock_time": 6.937980651855469e-05, "evaluations": 0, "cost": 2147483648, "incumbent": {"const_mut_rate": 1.02, "const_mut_str": 1.01, "mut_rate": 0.2, "mut_strength": 0.2, "p_crossover": 0.3, "p_elitism": 0.2, "p_mutation": 0.3, "p_random": 0.2}, "budget": 0, "origin": "Initial design"}
{"cpu_time": 338.2224135398865, "wallclock_time": 338.31971192359924, "evaluations": 1, "cost": 3682.083665358036, "incumbent": {"const_mut_rate": 1.02, "const_mut_str": 1.01, "mut_rate": 0.2, "mut_strength": 0.2, "p_crossover": 0.3, "p_elitism": 0.2, "p_mutation": 0.3, "p_random": 0.2}, "budget": 0, "origin": "Initial design"}
{"cpu_time": 36640.036583423615, "wallclock_time": 36666.89627456665, "evaluations": 149, "cost": 2404.460783850886, "incumbent": {"const_mut_rate": 1.7817903752454756, "const_mut_str": 1.057104163736859, "mut_rate": 0.44881791622074174, "mut_strength": 0.028406526129499093, "p_crossover": 0.9359549406391754, "p_elitism": 0.9355941515093189, "p_mutation": 0.24994052654748267, "p_random": 0.4254461184939635}, "budget": 0, "origin": "Random Search"}
{"cpu_time": 291516.71927404404, "wallclock_time": 291706.12394452095, "evaluations": 600, "cost": 2318.05391340273, "incumbent": {"const_mut_rate": 1.134920598875222, "const_mut_str": 1.5972030241717015, "mut_rate": 0.26726501328031566, "mut_strength": 0.29096965819254006, "p_crossover": 0.1255574067415342, "p_elitism": 0.27706864414261906, "p_mutation": 0.2234980959169499, "p_random": 0.06604059320977045}, "budget": 0, "origin": "Local Search"}
{"cpu_time": 383197.1693768501, "wallclock_time": 383459.4343633652, "evaluations": 750, "cost": 2174.1441972586904, "incumbent": {"const_mut_rate": 1.7095931121889663, "const_mut_str": 1.372544058286582, "mut_rate": 0.597748944096173, "mut_strength": 0.46934560565353994, "p_crossover": 0.6444336748906349, "p_elitism": 0.9179283344180302, "p_mutation": 0.5741258131289836, "p_random": 0.20061435332105343}, "budget": 0, "origin": "Local Search"}
{"cpu_time": 984178.7747285366, "wallclock_time": 985051.501948595, "evaluations": 1416, "cost": 2214.7223010394746, "incumbent": {"const_mut_rate": 1.7580806450872113, "const_mut_str": 1.359294657194257, "mut_rate": 0.6008730716819697, "mut_strength": 0.38332518736262317, "p_crossover": 0.6168479818506977, "p_elitism": 0.8610535090304459, "p_mutation": 0.5681123554659159, "p_random": 0.1991781827728668}, "budget": 0, "origin": "Local Search"}
{"cpu_time": 1121464.9827337265, "wallclock_time": 1122599.1232569218, "evaluations": 1628, "cost": 2012.2652245086465, "incumbent": {"const_mut_rate": 1.6284478377522746, "const_mut_str": 1.20320941846768, "mut_rate": 0.030559787939327416, "mut_strength": 0.29428866028603307, "p_crossover": 0.404587592655017, "p_elitism": 0.8771897369363275, "p_mutation": 0.3400733136126868, "p_random": 0.06293549348427224}, "budget": 0, "origin": "Local Search"}
