{"cpu_time": 0.0, "wallclock_time": 6.0558319091796875e-05, "evaluations": 0, "cost": 2147483648, "incumbent": ["const_mut_rate='1.02'", "const_mut_str='1.01'", "mut_rate='0.2'", "mut_strength='0.2'", "p_crossover='0.3'", "p_elitism='0.2'", "p_mutation='0.3'", "p_random='0.2'"], "origin": "Initial design"}
{"cpu_time": 555.1302044391632, "wallclock_time": 555.2074503898621, "evaluations": 1, "cost": 1084.8336382780647, "incumbent": ["const_mut_rate='1.02'", "const_mut_str='1.01'", "mut_rate='0.2'", "mut_strength='0.2'", "p_crossover='0.3'", "p_elitism='0.2'", "p_mutation='0.3'", "p_random='0.2'"], "origin": "Initial design"}
{"cpu_time": 75271.11745262146, "wallclock_time": 75326.97236013412, "evaluations": 245, "cost": 1713.3524187437226, "incumbent": ["const_mut_rate='1.9500020222606582'", "const_mut_str='1.315778829537954'", "mut_rate='0.8693952945552825'", "mut_strength='0.3943531901646421'", "p_crossover='0.902825673334235'", "p_elitism='0.762984378854346'", "p_mutation='0.2551506676080845'", "p_random='0.29238612546582465'"], "origin": "Local Search"}
{"cpu_time": 925298.0592756271, "wallclock_time": 926394.2501363754, "evaluations": 1488, "cost": 1709.2122342885214, "incumbent": ["const_mut_rate='1.9426889696291483'", "const_mut_str='1.094529540085846'", "mut_rate='0.8830945868359773'", "mut_strength='0.3631445706084798'", "p_crossover='0.937970421977479'", "p_elitism='0.7971622241391847'", "p_mutation='0.29824495516799904'", "p_random='0.22063772206273807'"], "origin": "Local Search"}
