{"cpu_time": 0.0, "wallclock_time": 5.14984130859375e-05, "evaluations": 0, "cost": 2147483648, "incumbent": ["const_mut_rate='1.02'", "const_mut_str='1.01'", "mut_rate='0.2'", "mut_strength='0.2'", "p_crossover='0.3'", "p_elitism='0.2'", "p_mutation='0.3'", "p_random='0.2'"], "origin": "Initial design"}
{"cpu_time": 48.935357332229614, "wallclock_time": 48.993813037872314, "evaluations": 1, "cost": 1409.7759685511655, "incumbent": ["const_mut_rate='1.02'", "const_mut_str='1.01'", "mut_rate='0.2'", "mut_strength='0.2'", "p_crossover='0.3'", "p_elitism='0.2'", "p_mutation='0.3'", "p_random='0.2'"], "origin": "Initial design"}
{"cpu_time": 934304.5405976772, "wallclock_time": 934966.474609375, "evaluations": 1337, "cost": 1881.757543983775, "incumbent": ["const_mut_rate='1.4533495656164361'", "const_mut_str='1.9484667203049475'", "mut_rate='0.024719827504152334'", "mut_strength='0.4998813297500015'", "p_crossover='0.9071712462287851'", "p_elitism='0.32800840025394795'", "p_mutation='0.2492600199678946'", "p_random='0.06640573993411159'"], "origin": "Random Search"}
