{"cpu_time": 0.0, "wallclock_time": 7.700920104980469e-05, "evaluations": 0, "cost": 2147483648, "incumbent": ["const_mut_rate='1.02'", "const_mut_str='1.01'", "mut_rate='0.2'", "mut_strength='0.2'", "p_crossover='0.3'", "p_elitism='0.2'", "p_mutation='0.3'", "p_random='0.2'"], "origin": "Initial design"}
{"cpu_time": 1184.8458156585693, "wallclock_time": 1184.952210187912, "evaluations": 1, "cost": 2018.77904191404, "incumbent": ["const_mut_rate='1.02'", "const_mut_str='1.01'", "mut_rate='0.2'", "mut_strength='0.2'", "p_crossover='0.3'", "p_elitism='0.2'", "p_mutation='0.3'", "p_random='0.2'"], "origin": "Initial design"}
{"cpu_time": 354490.8847794533, "wallclock_time": 354784.8848273754, "evaluations": 576, "cost": 1995.0240342463087, "incumbent": ["const_mut_rate='1.9043585401675789'", "const_mut_str='1.5102996260003283'", "mut_rate='0.00014889561341502387'", "mut_strength='0.6481476814034438'", "p_crossover='0.7963603563526573'", "p_elitism='0.9340969545390301'", "p_mutation='0.7094379964015306'", "p_random='0.557902041475933'"], "origin": "Local Search"}
