{"cpu_time": 0.0, "wallclock_time": 4.458427429199219e-05, "evaluations": 0, "cost": 2147483648, "incumbent": ["const_mut_rate='1.02'", "const_mut_str='1.01'", "mut_rate='0.2'", "mut_strength='0.2'", "p_crossover='0.3'", "p_elitism='0.2'", "p_mutation='0.3'", "p_random='0.2'"], "origin": "Initial design"}
{"cpu_time": 643.850848197937, "wallclock_time": 644.1476953029633, "evaluations": 1, "cost": 1737.9296824123987, "incumbent": ["const_mut_rate='1.02'", "const_mut_str='1.01'", "mut_rate='0.2'", "mut_strength='0.2'", "p_crossover='0.3'", "p_elitism='0.2'", "p_mutation='0.3'", "p_random='0.2'"], "origin": "Initial design"}
{"cpu_time": 698492.7992415428, "wallclock_time": 699538.9133012295, "evaluations": 1532, "cost": 1976.331310826186, "incumbent": ["const_mut_rate='1.5747225823883304'", "const_mut_str='1.4512581352171758'", "mut_rate='0.00014889561341502387'", "mut_strength='0.6037687371733643'", "p_crossover='0.7875971972065923'", "p_elitism='0.9568119363851564'", "p_mutation='0.7639739458638967'", "p_random='0.5435505895989199'"], "origin": "Local Search"}
