{"cpu_time": 0.0, "wallclock_time": 5.91278076171875e-05, "evaluations": 0, "cost": 2147483648, "incumbent": {"const_mut_rate": 1.02, "const_mut_str": 1.01, "mut_rate": 0.2, "mut_strength": 0.2, "p_crossover": 0.3, "p_elitism": 0.2, "p_mutation": 0.3, "p_random": 0.2}, "budget": 0, "origin": "Initial design"}
{"cpu_time": 185.4427638053894, "wallclock_time": 185.47981595993042, "evaluations": 1, "cost": 1170.7057546248393, "incumbent": {"const_mut_rate": 1.02, "const_mut_str": 1.01, "mut_rate": 0.2, "mut_strength": 0.2, "p_crossover": 0.3, "p_elitism": 0.2, "p_mutation": 0.3, "p_random": 0.2}, "budget": 0, "origin": "Initial design"}
{"cpu_time": 121852.42183589935, "wallclock_time": 121905.75780153275, "evaluations": 271, "cost": 2140.422106159638, "incumbent": {"const_mut_rate": 1.3925753947143291, "const_mut_str": 1.732141695098366, "mut_rate": 0.015330380283603213, "mut_strength": 0.7425888658298454, "p_crossover": 0.15318379880480548, "p_elitism": 0.6672653388315305, "p_mutation": 0.6043446356879892, "p_random": 0.09543947895653138}, "budget": 0, "origin": "Random Search"}
{"cpu_time": 317091.35785651207, "wallclock_time": 317300.15774583817, "evaluations": 607, "cost": 2131.2274143968266, "incumbent": {"const_mut_rate": 1.2096749229222354, "const_mut_str": 1.6451086200750613, "mut_rate": 0.44479920905961745, "mut_strength": 0.1400063465754324, "p_crossover": 0.47736642570918053, "p_elitism": 0.7524267683712844, "p_mutation": 0.4617331578718331, "p_random": 0.137892289041185}, "budget": 0, "origin": "Random Search"}
{"cpu_time": 735205.2476758957, "wallclock_time": 735839.1789605618, "evaluations": 1197, "cost": 1901.3084661154264, "incumbent": {"const_mut_rate": 1.0240024447782636, "const_mut_str": 1.0168470254842175, "mut_rate": 0.37504201896361894, "mut_strength": 0.37001268537269133, "p_crossover": 0.754132637163163, "p_elitism": 0.6287312942349305, "p_mutation": 0.2214903097971791, "p_random": 0.0024521783929249974}, "budget": 0, "origin": "Random Search"}
