{"cpu_time": 0.0, "wallclock_time": 6.67572021484375e-05, "evaluations": 0, "cost": 2147483648, "incumbent": ["const_mut_rate='1.02'", "const_mut_str='1.01'", "mut_rate='0.2'", "mut_strength='0.2'", "p_crossover='0.3'", "p_elitism='0.2'", "p_mutation='0.3'", "p_random='0.2'"], "origin": "Initial design"}
{"cpu_time": 359.29611897468567, "wallclock_time": 360.19966077804565, "evaluations": 1, "cost": 2441.4693672300627, "incumbent": ["const_mut_rate='1.02'", "const_mut_str='1.01'", "mut_rate='0.2'", "mut_strength='0.2'", "p_crossover='0.3'", "p_elitism='0.2'", "p_mutation='0.3'", "p_random='0.2'"], "origin": "Initial design"}
{"cpu_time": 91382.89536452293, "wallclock_time": 91406.96486115456, "evaluations": 110, "cost": 2314.3260978446015, "incumbent": ["const_mut_rate='1.900666912115764'", "const_mut_str='1.7507973021972068'", "mut_rate='0.18960168178370215'", "mut_strength='0.40705537803469016'", "p_crossover='0.13187419552329036'", "p_elitism='0.7009816435039035'", "p_mutation='0.8667838707498192'", "p_random='0.1849134336309204'"], "origin": "Local Search"}
{"cpu_time": 280800.51924943924, "wallclock_time": 280886.87043738365, "evaluations": 302, "cost": 2336.0488067761034, "incumbent": ["const_mut_rate='1.9467820454460645'", "const_mut_str='1.9274157329956858'", "mut_rate='0.5822451789304572'", "mut_strength='0.1455336016927824'", "p_crossover='0.35099795425905356'", "p_elitism='0.9721330672670769'", "p_mutation='0.9425438734946614'", "p_random='0.15997678235138735'"], "origin": "Local Search"}
{"cpu_time": 449637.9283070564, "wallclock_time": 449833.7561249733, "evaluations": 507, "cost": 2206.9961556266408, "incumbent": ["const_mut_rate='1.875167833795912'", "const_mut_str='1.7992389588597706'", "mut_rate='0.03673765542078935'", "mut_strength='0.3409262157100641'", "p_crossover='0.44459279188705425'", "p_elitism='0.9660075065821798'", "p_mutation='0.8270783452532748'", "p_random='0.16347600197988754'"], "origin": "Local Search"}
{"cpu_time": 932748.9639222622, "wallclock_time": 933560.1339330673, "evaluations": 1160, "cost": 2144.8470203824463, "incumbent": ["const_mut_rate='1.8956054987452127'", "const_mut_str='1.8133917998432185'", "mut_rate='0.5401053018174214'", "mut_strength='0.791003318935091'", "p_crossover='0.35066241182475993'", "p_elitism='0.8139154204696202'", "p_mutation='0.6395050102676828'", "p_random='0.06198505827466505'"], "origin": "Local Search"}
