{"cpu_time": 0.0, "wallclock_time": 7.43865966796875e-05, "evaluations": 0, "cost": 2147483648, "incumbent": {"const_mut_rate": 1.02, "const_mut_str": 1.01, "mut_rate": 0.2, "mut_strength": 0.2, "p_crossover": 0.3, "p_elitism": 0.2, "p_mutation": 0.3, "p_random": 0.2}, "budget": 0, "origin": "Initial design"}
{"cpu_time": 190.15990138053894, "wallclock_time": 190.4430594444275, "evaluations": 1, "cost": 1746.8325421438615, "incumbent": {"const_mut_rate": 1.02, "const_mut_str": 1.01, "mut_rate": 0.2, "mut_strength": 0.2, "p_crossover": 0.3, "p_elitism": 0.2, "p_mutation": 0.3, "p_random": 0.2}, "budget": 0, "origin": "Initial design"}
{"cpu_time": 215570.41783761978, "wallclock_time": 215825.16155576706, "evaluations": 641, "cost": 1974.6251100442817, "incumbent": {"const_mut_rate": 1.5747225823883304, "const_mut_str": 1.3483972766705745, "mut_rate": 0.00014889561341502387, "mut_strength": 0.6037687371733643, "p_crossover": 0.7546168896637039, "p_elitism": 0.9429851558386242, "p_mutation": 0.7560729486446438, "p_random": 0.543537102109943}, "budget": 0, "origin": "Local Search"}
{"cpu_time": 539696.9548714161, "wallclock_time": 540559.5691838264, "evaluations": 1456, "cost": 1946.2058971135639, "incumbent": {"const_mut_rate": 1.581972611503529, "const_mut_str": 1.479898020277495, "mut_rate": 0.0004133640848936943, "mut_strength": 0.6030754373877696, "p_crossover": 0.7546075771818977, "p_elitism": 0.935612855701912, "p_mutation": 0.7802549597763025, "p_random": 0.5465085071751831}, "budget": 0, "origin": "Local Search"}
