{"cpu_time": 0.0, "wallclock_time": 7.605552673339844e-05, "evaluations": 0, "cost": 2147483648, "incumbent": {"const_mut_rate": 1.02, "const_mut_str": 1.01, "mut_rate": 0.2, "mut_strength": 0.2, "p_crossover": 0.3, "p_elitism": 0.2, "p_mutation": 0.3, "p_random": 0.2}, "budget": 0, "origin": "Initial design"}
{"cpu_time": 392.8476605415344, "wallclock_time": 393.14058113098145, "evaluations": 1, "cost": 1788.402725510008, "incumbent": {"const_mut_rate": 1.02, "const_mut_str": 1.01, "mut_rate": 0.2, "mut_strength": 0.2, "p_crossover": 0.3, "p_elitism": 0.2, "p_mutation": 0.3, "p_random": 0.2}, "budget": 0, "origin": "Initial design"}
{"cpu_time": 196560.25166797638, "wallclock_time": 196764.35455870628, "evaluations": 559, "cost": 1952.0044738553675, "incumbent": {"const_mut_rate": 1.5747225823883304, "const_mut_str": 1.3486287062824425, "mut_rate": 0.028402230310894543, "mut_strength": 0.6037687371733643, "p_crossover": 0.7546900741469831, "p_elitism": 0.9429851558386242, "p_mutation": 0.707726901997005, "p_random": 0.543537102109943}, "budget": 0, "origin": "Local Search"}
