{"cpu_time": 0.0, "wallclock_time": 6.103515625e-05, "evaluations": 0, "cost": 2147483648, "incumbent": {"const_mut_rate": 1.02, "const_mut_str": 1.01, "mut_rate": 0.2, "mut_strength": 0.2, "p_crossover": 0.3, "p_elitism": 0.2, "p_mutation": 0.3, "p_random": 0.2}, "budget": 0, "origin": "Initial design"}
{"cpu_time": 46.64716863632202, "wallclock_time": 46.7080934047699, "evaluations": 1, "cost": 1427.4707251620675, "incumbent": {"const_mut_rate": 1.02, "const_mut_str": 1.01, "mut_rate": 0.2, "mut_strength": 0.2, "p_crossover": 0.3, "p_elitism": 0.2, "p_mutation": 0.3, "p_random": 0.2}, "budget": 0, "origin": "Initial design"}
{"cpu_time": 482344.7286102772, "wallclock_time": 482515.8100063801, "evaluations": 415, "cost": 1883.0027798545534, "incumbent": {"const_mut_rate": 1.8449917266605707, "const_mut_str": 1.9883726316710855, "mut_rate": 0.6228755433353641, "mut_strength": 0.48541995918307046, "p_crossover": 0.21665972215810025, "p_elitism": 0.30551400297047754, "p_mutation": 0.1936625325258743, "p_random": 0.007321992802877189}, "budget": 0, "origin": "Local Search"}
{"cpu_time": 712090.5167155266, "wallclock_time": 712434.2183947563, "evaluations": 618, "cost": 1712.5928445829927, "incumbent": {"const_mut_rate": 1.0319778365864318, "const_mut_str": 1.7488821858111443, "mut_rate": 0.004141534420374324, "mut_strength": 0.14393892898903832, "p_crossover": 0.7445390555651731, "p_elitism": 0.8605390118213031, "p_mutation": 0.32207472450030233, "p_random": 0.18410840148578023}, "budget": 0, "origin": "Local Search"}
