{"cpu_time": 0.0, "wallclock_time": 5.936622619628906e-05, "evaluations": 0, "cost": 2147483648, "incumbent": ["const_mut_rate='1.02'", "const_mut_str='1.01'", "mut_rate='0.2'", "mut_strength='0.2'", "p_crossover='0.3'", "p_elitism='0.2'", "p_mutation='0.3'", "p_random='0.2'"], "origin": "Initial design"}
{"cpu_time": 419.9031927585602, "wallclock_time": 419.9775447845459, "evaluations": 1, "cost": 2005.4568661378025, "incumbent": ["const_mut_rate='1.02'", "const_mut_str='1.01'", "mut_rate='0.2'", "mut_strength='0.2'", "p_crossover='0.3'", "p_elitism='0.2'", "p_mutation='0.3'", "p_random='0.2'"], "origin": "Initial design"}
{"cpu_time": 94447.71628117561, "wallclock_time": 94500.61086773872, "evaluations": 184, "cost": 1824.6999844213478, "incumbent": ["const_mut_rate='1.9361506659990648'", "const_mut_str='1.1004102529746826'", "mut_rate='0.8548726988249147'", "mut_strength='0.39827626105650704'", "p_crossover='0.9093274602057202'", "p_elitism='0.8420463899082553'", "p_mutation='0.2953644503734597'", "p_random='0.2195951625435304'"], "origin": "Local Search"}
{"cpu_time": 365172.6407699585, "wallclock_time": 365625.4583210945, "evaluations": 868, "cost": 1702.6890196991228, "incumbent": ["const_mut_rate='1.93912885317997'", "const_mut_str='1.3468096169141566'", "mut_rate='0.8482321766607134'", "mut_strength='0.39214001197298626'", "p_crossover='0.9308924754907634'", "p_elitism='0.6659504807311656'", "p_mutation='0.31548884281534095'", "p_random='0.29238612546582465'"], "origin": "Local Search"}
