{"cpu_time": 0.0, "wallclock_time": 3.62396240234375e-05, "evaluations": 0, "cost": 2147483648, "incumbent": {"const_mut_rate": 1.02, "const_mut_str": 1.01, "mut_rate": 0.2, "mut_strength": 0.2, "p_crossover": 0.3, "p_elitism": 0.2, "p_mutation": 0.3, "p_random": 0.2}, "budget": 0, "origin": "Initial design"}
{"cpu_time": 40.16639184951782, "wallclock_time": 40.971800088882446, "evaluations": 1, "cost": 4353.982475033087, "incumbent": {"const_mut_rate": 1.02, "const_mut_str": 1.01, "mut_rate": 0.2, "mut_strength": 0.2, "p_crossover": 0.3, "p_elitism": 0.2, "p_mutation": 0.3, "p_random": 0.2}, "budget": 0, "origin": "Initial design"}
{"cpu_time": 120593.10806918144, "wallclock_time": 120656.25155544281, "evaluations": 158, "cost": 2184.945966625955, "incumbent": {"const_mut_rate": 1.9235979052779881, "const_mut_str": 1.8797400030066997, "mut_rate": 0.0005773582115271016, "mut_strength": 0.420234235025576, "p_crossover": 0.42192015620861534, "p_elitism": 0.9767900888865425, "p_mutation": 0.8774177140413316, "p_random": 0.16347600197988754}, "budget": 0, "origin": "Local Search"}
{"cpu_time": 471116.78959560394, "wallclock_time": 471391.03786468506, "evaluations": 560, "cost": 2122.178336312943, "incumbent": {"const_mut_rate": 1.876413615744759, "const_mut_str": 1.7910109396884664, "mut_rate": 0.036567645265327124, "mut_strength": 0.3872320148979457, "p_crossover": 0.4394859294494866, "p_elitism": 0.966197870244855, "p_mutation": 0.8358828734339236, "p_random": 0.165181818379573}, "budget": 0, "origin": "Local Search"}
{"cpu_time": 1110521.032581091, "wallclock_time": 1112207.4556052685, "evaluations": 1736, "cost": 2053.005275006881, "incumbent": {"const_mut_rate": 1.9226388618902004, "const_mut_str": 1.9942451780951131, "mut_rate": 0.0002259901355378811, "mut_strength": 0.4881763176431617, "p_crossover": 0.45703173585944956, "p_elitism": 0.962739067682762, "p_mutation": 0.8397085276075192, "p_random": 0.18534046894848083}, "budget": 0, "origin": "Local Search"}
