{"cpu_time": 0.0, "wallclock_time": 3.719329833984375e-05, "evaluations": 0, "cost": 2147483648, "incumbent": {"const_mut_rate": 1.02, "const_mut_str": 1.01, "mut_rate": 0.2, "mut_strength": 0.2, "p_crossover": 0.3, "p_elitism": 0.2, "p_mutation": 0.3, "p_random": 0.2}, "budget": 0, "origin": "Initial design"}
{"cpu_time": 45.97557544708252, "wallclock_time": 46.01770830154419, "evaluations": 1, "cost": 4481.9839163464885, "incumbent": {"const_mut_rate": 1.02, "const_mut_str": 1.01, "mut_rate": 0.2, "mut_strength": 0.2, "p_crossover": 0.3, "p_elitism": 0.2, "p_mutation": 0.3, "p_random": 0.2}, "budget": 0, "origin": "Initial design"}
{"cpu_time": 31207.533819437027, "wallclock_time": 31228.65056204796, "evaluations": 106, "cost": 2472.262403904636, "incumbent": {"const_mut_rate": 1.4519849688291755, "const_mut_str": 1.9285859562472147, "mut_rate": 0.11829536599376904, "mut_strength": 0.6446158932302326, "p_crossover": 0.7918476755097765, "p_elitism": 0.6202651896724649, "p_mutation": 0.909087607251943, "p_random": 0.935578685436212}, "budget": 0, "origin": "Local Search"}
{"cpu_time": 220657.08979463577, "wallclock_time": 220791.9919717312, "evaluations": 415, "cost": 2390.3154232457255, "incumbent": {"const_mut_rate": 1.774153198890419, "const_mut_str": 1.7737461111741923, "mut_rate": 0.7293589726554924, "mut_strength": 0.6535213556689102, "p_crossover": 0.2351952934908389, "p_elitism": 0.7612757332799109, "p_mutation": 0.5139844854236401, "p_random": 0.09669560409451439}, "budget": 0, "origin": "Random Search"}
{"cpu_time": 374688.0832810402, "wallclock_time": 374889.866758585, "evaluations": 544, "cost": 2334.3210578625476, "incumbent": {"const_mut_rate": 1.3001104448345648, "const_mut_str": 1.2915519494948438, "mut_rate": 0.5331919046807773, "mut_strength": 0.9192318224515158, "p_crossover": 0.8947730597205198, "p_elitism": 0.6598826946678474, "p_mutation": 0.8178924110149651, "p_random": 0.034690595160915993}, "budget": 0, "origin": "Local Search"}
{"cpu_time": 547013.7037436962, "wallclock_time": 547349.9777698517, "evaluations": 731, "cost": 2285.0160162038255, "incumbent": {"const_mut_rate": 1.3577836085387305, "const_mut_str": 1.291921041202644, "mut_rate": 0.5336330499299854, "mut_strength": 0.910586297637475, "p_crossover": 0.9029761856614088, "p_elitism": 0.6599581135658247, "p_mutation": 0.9211979381026715, "p_random": 0.034690595160915993}, "budget": 0, "origin": "Local Search"}
{"cpu_time": 780099.0353841782, "wallclock_time": 780802.2152175903, "evaluations": 1093, "cost": 2316.4548077389004, "incumbent": {"const_mut_rate": 1.8691282182584197, "const_mut_str": 1.6156513888636148, "mut_rate": 0.5764797268865155, "mut_strength": 0.7299950182483486, "p_crossover": 0.9948347823791854, "p_elitism": 0.9985973459190839, "p_mutation": 0.8695601860207905, "p_random": 0.3789059035852958}, "budget": 0, "origin": "Local Search"}
{"cpu_time": 886927.0968236923, "wallclock_time": 888056.0487873554, "evaluations": 1474, "cost": 2316.1620193646622, "incumbent": {"const_mut_rate": 1.0634813796791582, "const_mut_str": 1.9495908143000882, "mut_rate": 0.5820153060202908, "mut_strength": 0.9006062160244752, "p_crossover": 0.37712374855876607, "p_elitism": 0.8842954466102303, "p_mutation": 0.08875806179527912, "p_random": 0.3279913819388486}, "budget": 0, "origin": "Local Search"}
