{"cpu_time": 0.0, "wallclock_time": 3.886222839355469e-05, "evaluations": 0, "cost": 2147483648, "incumbent": {"const_mut_rate": 1.02, "const_mut_str": 1.01, "mut_rate": 0.2, "mut_strength": 0.2, "p_crossover": 0.3, "p_elitism": 0.2, "p_mutation": 0.3, "p_random": 0.2}, "budget": 0, "origin": "Initial design"}
{"cpu_time": 39.67271685600281, "wallclock_time": 39.71307897567749, "evaluations": 1, "cost": 1533.874126401062, "incumbent": {"const_mut_rate": 1.02, "const_mut_str": 1.01, "mut_rate": 0.2, "mut_strength": 0.2, "p_crossover": 0.3, "p_elitism": 0.2, "p_mutation": 0.3, "p_random": 0.2}, "budget": 0, "origin": "Initial design"}
{"cpu_time": 48695.954051971436, "wallclock_time": 48727.21222901344, "evaluations": 199, "cost": 2347.207676147751, "incumbent": {"const_mut_rate": 1.353735335936035, "const_mut_str": 1.4941722755297167, "mut_rate": 0.4597224903054532, "mut_strength": 0.3771717535431938, "p_crossover": 0.5901503797413038, "p_elitism": 0.6902249945291454, "p_mutation": 0.04881852575192913, "p_random": 0.2804073481013485}, "budget": 0, "origin": "Random Search"}
{"cpu_time": 502353.46357131004, "wallclock_time": 502880.7066555023, "evaluations": 968, "cost": 2316.999919140441, "incumbent": {"const_mut_rate": 1.6520171178169778, "const_mut_str": 1.5353674238804715, "mut_rate": 0.528641396173284, "mut_strength": 0.5960441329158209, "p_crossover": 0.6425728454944479, "p_elitism": 0.7081472783004334, "p_mutation": 0.09387053256151531, "p_random": 0.3556138163428152}, "budget": 0, "origin": "Local Search"}
{"cpu_time": 1041023.8528945446, "wallclock_time": 1042569.1235108376, "evaluations": 1857, "cost": 2132.3861090227692, "incumbent": {"const_mut_rate": 1.1534119490714838, "const_mut_str": 1.0776922893217753, "mut_rate": 0.08884451079804792, "mut_strength": 0.886133641979211, "p_crossover": 0.11619679313073095, "p_elitism": 0.7671381457551293, "p_mutation": 0.3189532497365888, "p_random": 0.10102395799786745}, "budget": 0, "origin": "Random Search"}
