{"cpu_time": 0.0, "wallclock_time": 4.673004150390625e-05, "evaluations": 0, "cost": 2147483648, "incumbent": {"const_mut_rate": 1.02, "const_mut_str": 1.01, "mut_rate": 0.2, "mut_strength": 0.2, "p_crossover": 0.3, "p_elitism": 0.2, "p_mutation": 0.3, "p_random": 0.2}, "budget": 0, "origin": "Initial design"}
{"cpu_time": 209.71528005599976, "wallclock_time": 209.75639414787292, "evaluations": 1, "cost": 1167.7641025177904, "incumbent": {"const_mut_rate": 1.02, "const_mut_str": 1.01, "mut_rate": 0.2, "mut_strength": 0.2, "p_crossover": 0.3, "p_elitism": 0.2, "p_mutation": 0.3, "p_random": 0.2}, "budget": 0, "origin": "Initial design"}
{"cpu_time": 152618.95193457603, "wallclock_time": 152724.4588894844, "evaluations": 372, "cost": 2371.3043612336464, "incumbent": {"const_mut_rate": 1.3410539667249486, "const_mut_str": 1.6571526782037447, "mut_rate": 0.8195225192980347, "mut_strength": 0.5299558531937806, "p_crossover": 0.6909479610682685, "p_elitism": 0.8745439361140188, "p_mutation": 0.5024997191274121, "p_random": 0.3388296803674935}, "budget": 0, "origin": "Random Search"}
{"cpu_time": 242058.51277661324, "wallclock_time": 242245.48074769974, "evaluations": 532, "cost": 2191.2238114466077, "incumbent": {"const_mut_rate": 1.327142922454144, "const_mut_str": 1.291041383681914, "mut_rate": 0.543418919134294, "mut_strength": 0.9135505294391305, "p_crossover": 0.9424162564037972, "p_elitism": 0.649938418848242, "p_mutation": 0.742813967620022, "p_random": 0.034690595160915993}, "budget": 0, "origin": "Local Search"}
