{"cpu_time": 0.0, "wallclock_time": 6.103515625e-05, "evaluations": 0, "cost": 2147483648, "incumbent": ["const_mut_rate='1.02'", "const_mut_str='1.01'", "mut_rate='0.2'", "mut_strength='0.2'", "p_crossover='0.3'", "p_elitism='0.2'", "p_mutation='0.3'", "p_random='0.2'"], "origin": "Initial design"}
{"cpu_time": 353.5501871109009, "wallclock_time": 353.587522983551, "evaluations": 1, "cost": 2652.3869476707027, "incumbent": ["const_mut_rate='1.02'", "const_mut_str='1.01'", "mut_rate='0.2'", "mut_strength='0.2'", "p_crossover='0.3'", "p_elitism='0.2'", "p_mutation='0.3'", "p_random='0.2'"], "origin": "Initial design"}
{"cpu_time": 16846.770938396454, "wallclock_time": 16857.535984277725, "evaluations": 71, "cost": 2518.816898923603, "incumbent": ["const_mut_rate='1.4014931143593228'", "const_mut_str='1.284294975756649'", "mut_rate='0.14170771743718083'", "mut_strength='0.429303054785006'", "p_crossover='0.8073363544777292'", "p_elitism='0.4949795418123094'", "p_mutation='0.8991349278445111'", "p_random='0.80093993431451'"], "origin": "Local Search"}
{"cpu_time": 30868.131663560867, "wallclock_time": 30890.55556344986, "evaluations": 140, "cost": 2081.4377373725997, "incumbent": ["const_mut_rate='1.087821546550934'", "const_mut_str='1.1120164741782503'", "mut_rate='0.1551902091487102'", "mut_strength='0.9668135049615159'", "p_crossover='0.8505065658862528'", "p_elitism='0.5332623201381652'", "p_mutation='0.10115690339563033'", "p_random='0.18476468609991564'"], "origin": "Local Search"}
{"cpu_time": 1097135.809085846, "wallclock_time": 1099564.3036665916, "evaluations": 2108, "cost": 2004.373404628329, "incumbent": ["const_mut_rate='1.7600689208167875'", "const_mut_str='1.4918621647286703'", "mut_rate='0.5498678331501009'", "mut_strength='0.5327268092383968'", "p_crossover='0.5952384679099256'", "p_elitism='0.7111908314803879'", "p_mutation='0.10445835685130211'", "p_random='0.08714320748901139'"], "origin": "Random Search"}
