{"cpu_time": 0.0, "wallclock_time": 3.886222839355469e-05, "evaluations": 0, "cost": 2147483648, "incumbent": {"const_mut_rate": 1.02, "const_mut_str": 1.01, "mut_rate": 0.2, "mut_strength": 0.2, "p_crossover": 0.3, "p_elitism": 0.2, "p_mutation": 0.3, "p_random": 0.2}, "budget": 0, "origin": "Initial design"}
{"cpu_time": 38.786436319351196, "wallclock_time": 38.825661182403564, "evaluations": 1, "cost": 1513.9510618150643, "incumbent": {"const_mut_rate": 1.02, "const_mut_str": 1.01, "mut_rate": 0.2, "mut_strength": 0.2, "p_crossover": 0.3, "p_elitism": 0.2, "p_mutation": 0.3, "p_random": 0.2}, "budget": 0, "origin": "Initial design"}
{"cpu_time": 74333.60862827301, "wallclock_time": 74345.91408109665, "evaluations": 95, "cost": 2323.547982735649, "incumbent": {"const_mut_rate": 1.3373856174678973, "const_mut_str": 1.2043862229050113, "mut_rate": 0.5515240217198343, "mut_strength": 0.8210491073334671, "p_crossover": 0.14375875745557898, "p_elitism": 0.9720270589766798, "p_mutation": 0.5895401502803934, "p_random": 0.37121888337352615}, "budget": 0, "origin": "Random Search (sorted)"}
{"cpu_time": 382213.4047546387, "wallclock_time": 382419.9631445408, "evaluations": 518, "cost": 2184.2557666751386, "incumbent": {"const_mut_rate": 1.5277214734919045, "const_mut_str": 1.526204507329643, "mut_rate": 0.21770072559536402, "mut_strength": 0.8567648990611366, "p_crossover": 0.47299877579811855, "p_elitism": 0.6959465668967493, "p_mutation": 0.4173823082306412, "p_random": 0.31688947317063726}, "budget": 0, "origin": "Local Search"}
{"cpu_time": 905480.1183292866, "wallclock_time": 906436.3454899788, "evaluations": 1267, "cost": 2087.973737337623, "incumbent": {"const_mut_rate": 1.7464546883936698, "const_mut_str": 1.4896234719888017, "mut_rate": 0.9938441892301062, "mut_strength": 0.7626894566017605, "p_crossover": 0.8168583622638036, "p_elitism": 0.7009586522290823, "p_mutation": 0.16256376570258446, "p_random": 0.22555072661148123}, "budget": 0, "origin": "Random Search"}
