{"cpu_time": 0.0, "wallclock_time": 7.581710815429688e-05, "evaluations": 0, "cost": 2147483648, "incumbent": ["const_mut_rate='1.02'", "const_mut_str='1.01'", "mut_rate='0.2'", "mut_strength='0.2'", "p_crossover='0.3'", "p_elitism='0.2'", "p_mutation='0.3'", "p_random='0.2'"], "origin": "Initial design"}
{"cpu_time": 408.9804518222809, "wallclock_time": 409.0557532310486, "evaluations": 1, "cost": 1994.432309171371, "incumbent": ["const_mut_rate='1.02'", "const_mut_str='1.01'", "mut_rate='0.2'", "mut_strength='0.2'", "p_crossover='0.3'", "p_elitism='0.2'", "p_mutation='0.3'", "p_random='0.2'"], "origin": "Initial design"}
{"cpu_time": 21958.52813744545, "wallclock_time": 21977.926123142242, "evaluations": 106, "cost": 1807.2388876960347, "incumbent": ["const_mut_rate='1.9019318692078389'", "const_mut_str='1.904235311515222'", "mut_rate='0.722321686101751'", "mut_strength='0.27691387755964236'", "p_crossover='0.9894679048241323'", "p_elitism='0.7477888468095587'", "p_mutation='0.29371201886206666'", "p_random='0.2216287465559447'"], "origin": "Local Search"}
