{"cpu_time": 0.0, "wallclock_time": 5.2928924560546875e-05, "evaluations": 0, "cost": 2147483648, "incumbent": {"const_mut_rate": 1.02, "const_mut_str": 1.01, "mut_rate": 0.2, "mut_strength": 0.2, "p_crossover": 0.3, "p_elitism": 0.2, "p_mutation": 0.3, "p_random": 0.2}, "budget": 0, "origin": "Initial design"}
{"cpu_time": 47.6566960811615, "wallclock_time": 47.719337463378906, "evaluations": 1, "cost": 1438.2400204896728, "incumbent": {"const_mut_rate": 1.02, "const_mut_str": 1.01, "mut_rate": 0.2, "mut_strength": 0.2, "p_crossover": 0.3, "p_elitism": 0.2, "p_mutation": 0.3, "p_random": 0.2}, "budget": 0, "origin": "Initial design"}
{"cpu_time": 313897.58402204514, "wallclock_time": 313987.8185284138, "evaluations": 343, "cost": 1919.5480017969674, "incumbent": {"const_mut_rate": 1.0233506102103982, "const_mut_str": 1.1649131268033477, "mut_rate": 0.69577893797636, "mut_strength": 0.590303945122417, "p_crossover": 0.7614409697983386, "p_elitism": 0.8328677966744455, "p_mutation": 0.6199575891985916, "p_random": 0.249073338653916}, "budget": 0, "origin": "Random Search"}
