{"cpu_time": 0.0, "wallclock_time": 6.461143493652344e-05, "evaluations": 0, "cost": 2147483648, "incumbent": {"const_mut_rate": 1.02, "const_mut_str": 1.01, "mut_rate": 0.2, "mut_strength": 0.2, "p_crossover": 0.3, "p_elitism": 0.2, "p_mutation": 0.3, "p_random": 0.2}, "budget": 0, "origin": "Initial design"}
{"cpu_time": 54.12944769859314, "wallclock_time": 54.186789751052856, "evaluations": 1, "cost": 3815.555198110732, "incumbent": {"const_mut_rate": 1.02, "const_mut_str": 1.01, "mut_rate": 0.2, "mut_strength": 0.2, "p_crossover": 0.3, "p_elitism": 0.2, "p_mutation": 0.3, "p_random": 0.2}, "budget": 0, "origin": "Initial design"}
{"cpu_time": 66382.63046193123, "wallclock_time": 66419.84132003784, "evaluations": 176, "cost": 1694.218263793183, "incumbent": {"const_mut_rate": 1.95344354064896, "const_mut_str": 1.0605446915966634, "mut_rate": 0.8619008906703045, "mut_strength": 0.4062202920401088, "p_crossover": 0.9802610894012046, "p_elitism": 0.7944093466475529, "p_mutation": 0.27871526645633776, "p_random": 0.27216653316107725}, "budget": 0, "origin": "Local Search"}
{"cpu_time": 1143314.2156136036, "wallclock_time": 1144618.6749062538, "evaluations": 1626, "cost": 1734.8313979055713, "incumbent": {"const_mut_rate": 1.945229010099877, "const_mut_str": 1.095638197515267, "mut_rate": 0.8830945868359773, "mut_strength": 0.3584704607522496, "p_crossover": 0.9308295407896432, "p_elitism": 0.7933790542974555, "p_mutation": 0.29810900251267447, "p_random": 0.05271429134040873}, "budget": 0, "origin": "Local Search"}
