{"cpu_time": 0.0, "wallclock_time": 3.719329833984375e-05, "evaluations": 0, "cost": 2147483648, "incumbent": ["const_mut_rate='1.02'", "const_mut_str='1.01'", "mut_rate='0.2'", "mut_strength='0.2'", "p_crossover='0.3'", "p_elitism='0.2'", "p_mutation='0.3'", "p_random='0.2'"], "origin": "Initial design"}
{"cpu_time": 864.9395039081573, "wallclock_time": 864.9810085296631, "evaluations": 1, "cost": 2685.8371424057423, "incumbent": ["const_mut_rate='1.02'", "const_mut_str='1.01'", "mut_rate='0.2'", "mut_strength='0.2'", "p_crossover='0.3'", "p_elitism='0.2'", "p_mutation='0.3'", "p_random='0.2'"], "origin": "Initial design"}
{"cpu_time": 386366.23037981987, "wallclock_time": 386578.0622122288, "evaluations": 494, "cost": 2349.966125545045, "incumbent": ["const_mut_rate='1.3287384000326323'", "const_mut_str='1.2994619046907365'", "mut_rate='0.5351439655027433'", "mut_strength='0.9772489332967456'", "p_crossover='0.9239836529257843'", "p_elitism='0.5735737354936168'", "p_mutation='0.984164281739739'", "p_random='0.031733955309764986'"], "origin": "Local Search"}
{"cpu_time": 697756.2805597782, "wallclock_time": 698277.4752676487, "evaluations": 862, "cost": 2239.921039103021, "incumbent": ["const_mut_rate='1.0888352573636733'", "const_mut_str='1.4113346944844751'", "mut_rate='0.9727040303282177'", "mut_strength='0.6134501486536728'", "p_crossover='0.5846539583957326'", "p_elitism='0.48616576135790823'", "p_mutation='0.17354833583794926'", "p_random='0.14336659651371758'"], "origin": "Local Search"}
{"cpu_time": 875518.4635820389, "wallclock_time": 876434.9335906506, "evaluations": 1266, "cost": 1911.5746985698822, "incumbent": ["const_mut_rate='1.6444558801856801'", "const_mut_str='1.1994261500247467'", "mut_rate='0.5953878343180825'", "mut_strength='0.832910357072047'", "p_crossover='0.8202119616325563'", "p_elitism='0.7716508837145081'", "p_mutation='0.156297851224227'", "p_random='0.11906378755867364'"], "origin": "Random Search"}
