{"cpu_time": 0.0, "wallclock_time": 7.891654968261719e-05, "evaluations": 0, "cost": 2147483648, "incumbent": {"const_mut_rate": 1.02, "const_mut_str": 1.01, "mut_rate": 0.2, "mut_strength": 0.2, "p_crossover": 0.3, "p_elitism": 0.2, "p_mutation": 0.3, "p_random": 0.2}, "budget": 0, "origin": "Initial design"}
{"cpu_time": 160.14972043037415, "wallclock_time": 160.25745558738708, "evaluations": 1, "cost": 1755.8435273183038, "incumbent": {"const_mut_rate": 1.02, "const_mut_str": 1.01, "mut_rate": 0.2, "mut_strength": 0.2, "p_crossover": 0.3, "p_elitism": 0.2, "p_mutation": 0.3, "p_random": 0.2}, "budget": 0, "origin": "Initial design"}
{"cpu_time": 893642.7253656387, "wallclock_time": 895176.0671050549, "evaluations": 1940, "cost": 1892.8526238620234, "incumbent": {"const_mut_rate": 1.6279337418329543, "const_mut_str": 1.6065793806129802, "mut_rate": 0.00014889561341502387, "mut_strength": 0.6534437033136882, "p_crossover": 0.8646257189300229, "p_elitism": 0.9340969545390301, "p_mutation": 0.6017284902738823, "p_random": 0.5548723634313287}, "budget": 0, "origin": "Local Search"}
