{"cpu_time": 0.0, "wallclock_time": 3.62396240234375e-05, "evaluations": 0, "cost": 2147483648, "incumbent": {"const_mut_rate": 1.02, "const_mut_str": 1.01, "mut_rate": 0.2, "mut_strength": 0.2, "p_crossover": 0.3, "p_elitism": 0.2, "p_mutation": 0.3, "p_random": 0.2}, "budget": 0, "origin": "Initial design"}
{"cpu_time": 207.1565191745758, "wallclock_time": 207.30276083946228, "evaluations": 1, "cost": 1764.7285468787202, "incumbent": {"const_mut_rate": 1.02, "const_mut_str": 1.01, "mut_rate": 0.2, "mut_strength": 0.2, "p_crossover": 0.3, "p_elitism": 0.2, "p_mutation": 0.3, "p_random": 0.2}, "budget": 0, "origin": "Initial design"}
{"cpu_time": 219906.02152347565, "wallclock_time": 220064.45612502098, "evaluations": 481, "cost": 1930.212548137919, "incumbent": {"const_mut_rate": 1.2742788100084004, "const_mut_str": 1.533980586699009, "mut_rate": 0.03335576243811685, "mut_strength": 0.5814590739100473, "p_crossover": 0.7040616104650084, "p_elitism": 0.9330201240784596, "p_mutation": 0.8283141792514566, "p_random": 0.5387551030031504}, "budget": 0, "origin": "Local Search"}
