{"cpu_time": 0.0, "wallclock_time": 7.534027099609375e-05, "evaluations": 0, "cost": 2147483648, "incumbent": {"const_mut_rate": 1.02, "const_mut_str": 1.01, "mut_rate": 0.2, "mut_strength": 0.2, "p_crossover": 0.3, "p_elitism": 0.2, "p_mutation": 0.3, "p_random": 0.2}, "budget": 0, "origin": "Initial design"}
{"cpu_time": 119.06705713272095, "wallclock_time": 119.2602207660675, "evaluations": 1, "cost": 1775.4160938288796, "incumbent": {"const_mut_rate": 1.02, "const_mut_str": 1.01, "mut_rate": 0.2, "mut_strength": 0.2, "p_crossover": 0.3, "p_elitism": 0.2, "p_mutation": 0.3, "p_random": 0.2}, "budget": 0, "origin": "Initial design"}
{"cpu_time": 335968.0683479309, "wallclock_time": 336323.07893943787, "evaluations": 735, "cost": 2013.490829272091, "incumbent": {"const_mut_rate": 1.5748221485914962, "const_mut_str": 1.507388425687235, "mut_rate": 0.00014889561341502387, "mut_strength": 0.6527884710399419, "p_crossover": 0.8068586278182984, "p_elitism": 0.9353909643382458, "p_mutation": 0.7027623651518103, "p_random": 0.557374060913796}, "budget": 0, "origin": "Local Search"}
{"cpu_time": 592752.2006480694, "wallclock_time": 593458.3010327816, "evaluations": 1194, "cost": 1941.2512016790158, "incumbent": {"const_mut_rate": 1.5493170623103611, "const_mut_str": 1.4552642312553477, "mut_rate": 0.013160077852639604, "mut_strength": 0.6518556159855309, "p_crossover": 0.7857188559190197, "p_elitism": 0.977610710417342, "p_mutation": 0.7820974637516138, "p_random": 0.5994425163370011}, "budget": 0, "origin": "Local Search"}
