{"cpu_time": 0.0, "wallclock_time": 4.696846008300781e-05, "evaluations": 0, "cost": 2147483648, "incumbent": ["const_mut_rate='1.02'", "const_mut_str='1.01'", "mut_rate='0.2'", "mut_strength='0.2'", "p_crossover='0.3'", "p_elitism='0.2'", "p_mutation='0.3'", "p_random='0.2'"], "origin": "Initial design"}
{"cpu_time": 43.69772982597351, "wallclock_time": 43.73399591445923, "evaluations": 1, "cost": 5080.591609716818, "incumbent": ["const_mut_rate='1.02'", "const_mut_str='1.01'", "mut_rate='0.2'", "mut_strength='0.2'", "p_crossover='0.3'", "p_elitism='0.2'", "p_mutation='0.3'", "p_random='0.2'"], "origin": "Initial design"}
{"cpu_time": 142362.04644680023, "wallclock_time": 142391.15490293503, "evaluations": 199, "cost": 1968.9785025090916, "incumbent": ["const_mut_rate='1.513508903534111'", "const_mut_str='1.3951632892319008'", "mut_rate='0.25606854600508927'", "mut_strength='0.9020757945209349'", "p_crossover='0.22291604564306777'", "p_elitism='0.9893248424376859'", "p_mutation='0.2614714245391172'", "p_random='0.046213406331866214'"], "origin": "Random Search"}
