{"cpu_time": 0.0, "wallclock_time": 9.703636169433594e-05, "evaluations": 0, "cost": 2147483648, "incumbent": {"const_mut_rate": 1.02, "const_mut_str": 1.01, "mut_rate": 0.2, "mut_strength": 0.2, "p_crossover": 0.3, "p_elitism": 0.2, "p_mutation": 0.3, "p_random": 0.2}, "budget": 0, "origin": "Initial design"}
{"cpu_time": 46.891717195510864, "wallclock_time": 46.94832181930542, "evaluations": 1, "cost": 1415.6238731605467, "incumbent": {"const_mut_rate": 1.02, "const_mut_str": 1.01, "mut_rate": 0.2, "mut_strength": 0.2, "p_crossover": 0.3, "p_elitism": 0.2, "p_mutation": 0.3, "p_random": 0.2}, "budget": 0, "origin": "Initial design"}
{"cpu_time": 91363.15907597542, "wallclock_time": 91446.57307171822, "evaluations": 280, "cost": 1870.653575649091, "incumbent": {"const_mut_rate": 1.973484591332016, "const_mut_str": 1.3369071054095873, "mut_rate": 0.8365319337000354, "mut_strength": 0.38519033005925823, "p_crossover": 0.9832005920109218, "p_elitism": 0.6317616317560328, "p_mutation": 0.3222689072549342, "p_random": 0.29238612546582465}, "budget": 0, "origin": "Local Search"}
{"cpu_time": 286728.578091383, "wallclock_time": 286972.26968193054, "evaluations": 748, "cost": 1728.8899257149567, "incumbent": {"const_mut_rate": 1.07018972841089, "const_mut_str": 1.7271322519411125, "mut_rate": 0.42608931364677094, "mut_strength": 0.6709787015808093, "p_crossover": 0.49074452464318136, "p_elitism": 0.33982010681040015, "p_mutation": 0.23559422898481652, "p_random": 0.008079241043222454}, "budget": 0, "origin": "Local Search"}
