{"cpu_time": 0.0, "wallclock_time": 3.528594970703125e-05, "evaluations": 0, "cost": 2147483648, "incumbent": ["const_mut_rate='1.02'", "const_mut_str='1.01'", "mut_rate='0.2'", "mut_strength='0.2'", "p_crossover='0.3'", "p_elitism='0.2'", "p_mutation='0.3'", "p_random='0.2'"], "origin": "Initial design"}
{"cpu_time": 33941.84161114693, "wallclock_time": 33942.0995619297, "evaluations": 1, "cost": 2951.3736336058487, "incumbent": ["const_mut_rate='1.02'", "const_mut_str='1.01'", "mut_rate='0.2'", "mut_strength='0.2'", "p_crossover='0.3'", "p_elitism='0.2'", "p_mutation='0.3'", "p_random='0.2'"], "origin": "Initial design"}
{"cpu_time": 247917.9362092018, "wallclock_time": 248132.26386928558, "evaluations": 553, "cost": 1911.6910079071033, "incumbent": ["const_mut_rate='1.920107946060012'", "const_mut_str='1.5382221140942038'", "mut_rate='0.22328752785798112'", "mut_strength='0.8946892774418433'", "p_crossover='0.9734968132238923'", "p_elitism='0.9315260876397374'", "p_mutation='0.31575134288824813'", "p_random='0.226807783293982'"], "origin": "Random Search"}
