{"cpu_time": 0.0, "wallclock_time": 7.534027099609375e-05, "evaluations": 0, "cost": 2147483648, "incumbent": ["const_mut_rate='1.02'", "const_mut_str='1.01'", "mut_rate='0.2'", "mut_strength='0.2'", "p_crossover='0.3'", "p_elitism='0.2'", "p_mutation='0.3'", "p_random='0.2'"], "origin": "Initial design"}
{"cpu_time": 272.619327545166, "wallclock_time": 272.68129444122314, "evaluations": 1, "cost": 1132.3495953946745, "incumbent": ["const_mut_rate='1.02'", "const_mut_str='1.01'", "mut_rate='0.2'", "mut_strength='0.2'", "p_crossover='0.3'", "p_elitism='0.2'", "p_mutation='0.3'", "p_random='0.2'"], "origin": "Initial design"}
{"cpu_time": 437757.7733504772, "wallclock_time": 437868.31940197945, "evaluations": 259, "cost": 1832.320069870035, "incumbent": ["const_mut_rate='1.403155294682506'", "const_mut_str='1.6272061658387065'", "mut_rate='0.9579572579408766'", "mut_strength='0.6555171417151362'", "p_crossover='0.34466742864602073'", "p_elitism='0.2723498250227816'", "p_mutation='0.16658599978688687'", "p_random='0.002009168823443497'"], "origin": "Local Search"}
{"cpu_time": 731079.15619421, "wallclock_time": 731519.31864357, "evaluations": 696, "cost": 1776.7400980434415, "incumbent": ["const_mut_rate='1.6888221969085846'", "const_mut_str='1.3470726014157774'", "mut_rate='0.883732737662859'", "mut_strength='0.15715598165639227'", "p_crossover='0.5555838823780863'", "p_elitism='0.6021322261142474'", "p_mutation='0.36754623224819893'", "p_random='0.061870254233064644'"], "origin": "Local Search"}
{"cpu_time": 939526.8238947392, "wallclock_time": 940271.6907193661, "evaluations": 995, "cost": 1712.526640520897, "incumbent": ["const_mut_rate='1.942551924443853'", "const_mut_str='1.0937007260335943'", "mut_rate='0.8830945868359773'", "mut_strength='0.3584704607522496'", "p_crossover='0.8743210855687146'", "p_elitism='0.6760846982938441'", "p_mutation='0.29810900251267447'", "p_random='0.04905057290222708'"], "origin": "Local Search"}
