{"cpu_time": 0.0, "wallclock_time": 4.553794860839844e-05, "evaluations": 0, "cost": 2147483648, "incumbent": ["const_mut_rate='1.02'", "const_mut_str='1.01'", "mut_rate='0.2'", "mut_strength='0.2'", "p_crossover='0.3'", "p_elitism='0.2'", "p_mutation='0.3'", "p_random='0.2'"], "origin": "Initial design"}
{"cpu_time": 39.77594304084778, "wallclock_time": 39.81361627578735, "evaluations": 1, "cost": 1574.6065796114926, "incumbent": ["const_mut_rate='1.02'", "const_mut_str='1.01'", "mut_rate='0.2'", "mut_strength='0.2'", "p_crossover='0.3'", "p_elitism='0.2'", "p_mutation='0.3'", "p_random='0.2'"], "origin": "Initial design"}
{"cpu_time": 132953.9582540989, "wallclock_time": 132981.84205937386, "evaluations": 183, "cost": 2062.020706647265, "incumbent": ["const_mut_rate='1.8678449095099485'", "const_mut_str='1.9291131801978882'", "mut_rate='0.5648550858700845'", "mut_strength='0.9739506006902481'", "p_crossover='0.7220414450701559'", "p_elitism='0.6849119452122768'", "p_mutation='0.2047466753682572'", "p_random='0.1665313287400797'"], "origin": "Random Search (sorted)"}
{"cpu_time": 1074038.5307421684, "wallclock_time": 1075796.8013038635, "evaluations": 1611, "cost": 2082.5729246876413, "incumbent": ["const_mut_rate='1.4698884323410986'", "const_mut_str='1.1625562702524013'", "mut_rate='0.0003087995631604721'", "mut_strength='0.2782689978663184'", "p_crossover='0.6278435908450671'", "p_elitism='0.8771208888559399'", "p_mutation='0.3398921731692302'", "p_random='0.14864130632092085'"], "origin": "Local Search"}
