{"cpu_time": 0.0, "wallclock_time": 5.364418029785156e-05, "evaluations": 0, "cost": 2147483648, "incumbent": {"const_mut_rate": 1.02, "const_mut_str": 1.01, "mut_rate": 0.2, "mut_strength": 0.2, "p_crossover": 0.3, "p_elitism": 0.2, "p_mutation": 0.3, "p_random": 0.2}, "budget": 0, "origin": "Initial design"}
{"cpu_time": 44.14024066925049, "wallclock_time": 44.17868995666504, "evaluations": 1, "cost": 6792.951360180412, "incumbent": {"const_mut_rate": 1.02, "const_mut_str": 1.01, "mut_rate": 0.2, "mut_strength": 0.2, "p_crossover": 0.3, "p_elitism": 0.2, "p_mutation": 0.3, "p_random": 0.2}, "budget": 0, "origin": "Initial design"}
{"cpu_time": 22920.571598768234, "wallclock_time": 22932.76265358925, "evaluations": 80, "cost": 2511.3672438658987, "incumbent": {"const_mut_rate": 1.429168892126732, "const_mut_str": 1.805584257708586, "mut_rate": 0.2004638747745176, "mut_strength": 0.49340043490773516, "p_crossover": 0.7888726495496586, "p_elitism": 0.6627965081851939, "p_mutation": 0.8965204053383733, "p_random": 0.9349819456291607}, "budget": 0, "origin": "Local Search"}
{"cpu_time": 79633.06401491165, "wallclock_time": 79682.37505888939, "evaluations": 236, "cost": 2317.491098650517, "incumbent": {"const_mut_rate": 1.1195480054647144, "const_mut_str": 1.2003867258733651, "mut_rate": 0.14284437919392987, "mut_strength": 0.4438136713033324, "p_crossover": 0.28014373271238036, "p_elitism": 0.9956172290960357, "p_mutation": 0.8362152554666206, "p_random": 0.49286598801541437}, "budget": 0, "origin": "Random Search"}
{"cpu_time": 276409.1697332859, "wallclock_time": 276570.7184047699, "evaluations": 438, "cost": 2180.4203248736844, "incumbent": {"const_mut_rate": 1.2909095658458338, "const_mut_str": 1.428353151814823, "mut_rate": 0.40064394777393075, "mut_strength": 0.9192318224515158, "p_crossover": 0.89467358610821, "p_elitism": 0.6599581135658247, "p_mutation": 0.7324851214759914, "p_random": 0.034690595160915993}, "budget": 0, "origin": "Local Search"}
{"cpu_time": 583627.5750076771, "wallclock_time": 584069.6059641838, "evaluations": 851, "cost": 2120.8871622249562, "incumbent": {"const_mut_rate": 1.0836060986798972, "const_mut_str": 1.6037459076835074, "mut_rate": 0.533027375513447, "mut_strength": 0.9778985586437289, "p_crossover": 0.9933835016317035, "p_elitism": 0.6687620610172385, "p_mutation": 0.6380186392415298, "p_random": 0.044443249529739284}, "budget": 0, "origin": "Local Search"}
{"cpu_time": 869742.6206541061, "wallclock_time": 870367.1444480419, "evaluations": 1042, "cost": 2055.0533507424943, "incumbent": {"const_mut_rate": 1.3239407472491762, "const_mut_str": 1.9561895002728162, "mut_rate": 0.5597108339800577, "mut_strength": 0.5690780022106452, "p_crossover": 0.6964320951255689, "p_elitism": 0.9023638316029187, "p_mutation": 0.25526949484035577, "p_random": 0.03440363560891835}, "budget": 0, "origin": "Random Search"}
