{"cpu_time": 0.0, "wallclock_time": 6.556510925292969e-05, "evaluations": 0, "cost": 2147483648, "incumbent": {"const_mut_rate": 1.02, "const_mut_str": 1.01, "mut_rate": 0.2, "mut_strength": 0.2, "p_crossover": 0.3, "p_elitism": 0.2, "p_mutation": 0.3, "p_random": 0.2}, "budget": 0, "origin": "Initial design"}
{"cpu_time": 51.72245788574219, "wallclock_time": 51.77836322784424, "evaluations": 1, "cost": 1994.513199842843, "incumbent": {"const_mut_rate": 1.02, "const_mut_str": 1.01, "mut_rate": 0.2, "mut_strength": 0.2, "p_crossover": 0.3, "p_elitism": 0.2, "p_mutation": 0.3, "p_random": 0.2}, "budget": 0, "origin": "Initial design"}
{"cpu_time": 616891.0153954029, "wallclock_time": 617144.2423803806, "evaluations": 520, "cost": 1853.9785571102802, "incumbent": {"const_mut_rate": 1.6169131097145588, "const_mut_str": 1.5087342452585675, "mut_rate": 0.2628708910933684, "mut_strength": 0.3044624067138984, "p_crossover": 0.7572194499101951, "p_elitism": 0.9550471082055126, "p_mutation": 0.4160455051142455, "p_random": 0.18397099526896765}, "budget": 0, "origin": "Local Search"}
