{"cpu_time": 0.0, "wallclock_time": 4.100799560546875e-05, "evaluations": 0, "cost": 2147483648, "incumbent": {"const_mut_rate": 1.02, "const_mut_str": 1.01, "mut_rate": 0.2, "mut_strength": 0.2, "p_crossover": 0.3, "p_elitism": 0.2, "p_mutation": 0.3, "p_random": 0.2}, "budget": 0, "origin": "Initial design"}
{"cpu_time": 37.81414437294006, "wallclock_time": 38.622962474823, "evaluations": 1, "cost": 1575.0203393376669, "incumbent": {"const_mut_rate": 1.02, "const_mut_str": 1.01, "mut_rate": 0.2, "mut_strength": 0.2, "p_crossover": 0.3, "p_elitism": 0.2, "p_mutation": 0.3, "p_random": 0.2}, "budget": 0, "origin": "Initial design"}
{"cpu_time": 77515.09730768204, "wallclock_time": 77529.02345824242, "evaluations": 92, "cost": 2287.702010331479, "incumbent": {"const_mut_rate": 1.897322704609961, "const_mut_str": 1.9396437989296784, "mut_rate": 0.5877707516756804, "mut_strength": 0.21137713491563057, "p_crossover": 0.408114881033831, "p_elitism": 0.9567697896224968, "p_mutation": 0.9499425228722838, "p_random": 0.21435956142885884}, "budget": 0, "origin": "Local Search"}
{"cpu_time": 243243.96835899353, "wallclock_time": 243349.709959507, "evaluations": 343, "cost": 2153.450757827808, "incumbent": {"const_mut_rate": 1.5991041012226903, "const_mut_str": 1.7036770678250455, "mut_rate": 0.7354388001613918, "mut_strength": 0.9497304579552155, "p_crossover": 0.4125627047968534, "p_elitism": 0.3228493344491393, "p_mutation": 0.1339591458652557, "p_random": 0.14627766839984901}, "budget": 0, "origin": "Random Search"}
