{"cpu_time": 0.0, "wallclock_time": 3.695487976074219e-05, "evaluations": 0, "cost": 2147483648, "incumbent": ["const_mut_rate='1.02'", "const_mut_str='1.01'", "mut_rate='0.2'", "mut_strength='0.2'", "p_crossover='0.3'", "p_elitism='0.2'", "p_mutation='0.3'", "p_random='0.2'"], "origin": "Initial design"}
{"cpu_time": 724.7351789474487, "wallclock_time": 724.7764611244202, "evaluations": 1, "cost": 5270.293143980856, "incumbent": ["const_mut_rate='1.02'", "const_mut_str='1.01'", "mut_rate='0.2'", "mut_strength='0.2'", "p_crossover='0.3'", "p_elitism='0.2'", "p_mutation='0.3'", "p_random='0.2'"], "origin": "Initial design"}
{"cpu_time": 30981.101642131805, "wallclock_time": 30992.17986512184, "evaluations": 94, "cost": 2296.2198765344037, "incumbent": ["const_mut_rate='1.4071484253160538'", "const_mut_str='1.9337586581691295'", "mut_rate='0.2787174251491455'", "mut_strength='0.9039683937680087'", "p_crossover='0.9462177180920596'", "p_elitism='0.6046868898359439'", "p_mutation='0.676780919001133'", "p_random='0.703573071062454'"], "origin": "Local Search"}
{"cpu_time": 179296.57787966728, "wallclock_time": 179412.61580610275, "evaluations": 300, "cost": 2169.861924209468, "incumbent": ["const_mut_rate='1.3847704643740955'", "const_mut_str='1.9437208018958887'", "mut_rate='0.2819859123059589'", "mut_strength='0.17005607147487395'", "p_crossover='0.9424920787586405'", "p_elitism='0.7567311545441525'", "p_mutation='0.4251712224284526'", "p_random='0.1812911337057107'"], "origin": "Random Search"}
