{"cpu_time": 0.0, "wallclock_time": 6.103515625e-05, "evaluations": 0, "cost": 2147483648, "incumbent": {"const_mut_rate": 1.02, "const_mut_str": 1.01, "mut_rate": 0.2, "mut_strength": 0.2, "p_crossover": 0.3, "p_elitism": 0.2, "p_mutation": 0.3, "p_random": 0.2}, "budget": 0, "origin": "Initial design"}
{"cpu_time": 52.72436547279358, "wallclock_time": 52.78748416900635, "evaluations": 1, "cost": 2401.719441209055, "incumbent": {"const_mut_rate": 1.02, "const_mut_str": 1.01, "mut_rate": 0.2, "mut_strength": 0.2, "p_crossover": 0.3, "p_elitism": 0.2, "p_mutation": 0.3, "p_random": 0.2}, "budget": 0, "origin": "Initial design"}
{"cpu_time": 417569.31800079346, "wallclock_time": 417741.6697964668, "evaluations": 422, "cost": 1783.8960760495688, "incumbent": {"const_mut_rate": 1.8312325436106853, "const_mut_str": 1.809144852728149, "mut_rate": 0.9467881671712924, "mut_strength": 0.9191964943532474, "p_crossover": 0.5624594375743015, "p_elitism": 0.376555512004637, "p_mutation": 0.11630163155349538, "p_random": 0.06510328659169919}, "budget": 0, "origin": "Local Search"}
{"cpu_time": 904455.9416406155, "wallclock_time": 905372.7305378914, "evaluations": 1235, "cost": 1747.2244927666468, "incumbent": {"const_mut_rate": 1.945229010099877, "const_mut_str": 1.2344467117751543, "mut_rate": 0.879339932852954, "mut_strength": 0.3668541462449667, "p_crossover": 0.9310604599214519, "p_elitism": 0.7929955184427766, "p_mutation": 0.2962614957353976, "p_random": 0.042966753430006485}, "budget": 0, "origin": "Local Search"}
{"cpu_time": 1081237.450063467, "wallclock_time": 1082571.277730465, "evaluations": 1544, "cost": 1702.6983092034354, "incumbent": {"const_mut_rate": 1.945229010099877, "const_mut_str": 1.0960012522367435, "mut_rate": 0.8833250060894469, "mut_strength": 0.35866082115752035, "p_crossover": 0.9294202230023106, "p_elitism": 0.7933790542974555, "p_mutation": 0.29810900251267447, "p_random": 0.05271429134040873}, "budget": 0, "origin": "Local Search"}
