{"cpu_time": 0.0, "wallclock_time": 7.43865966796875e-05, "evaluations": 0, "cost": 2147483648, "incumbent": ["const_mut_rate='1.02'", "const_mut_str='1.01'", "mut_rate='0.2'", "mut_strength='0.2'", "p_crossover='0.3'", "p_elitism='0.2'", "p_mutation='0.3'", "p_random='0.2'"], "origin": "Initial design"}
{"cpu_time": 455.08453154563904, "wallclock_time": 455.1214768886566, "evaluations": 1, "cost": 1792.9475677097494, "incumbent": ["const_mut_rate='1.02'", "const_mut_str='1.01'", "mut_rate='0.2'", "mut_strength='0.2'", "p_crossover='0.3'", "p_elitism='0.2'", "p_mutation='0.3'", "p_random='0.2'"], "origin": "Initial design"}
{"cpu_time": 45222.55100250244, "wallclock_time": 45233.18929219246, "evaluations": 82, "cost": 2090.264800595067, "incumbent": ["const_mut_rate='1.3021237512127755'", "const_mut_str='1.257424694611101'", "mut_rate='0.3611937167936968'", "mut_strength='0.479063004907786'", "p_crossover='0.5173340642954789'", "p_elitism='0.8706901237794177'", "p_mutation='0.4258342622156928'", "p_random='0.14718786318435462'"], "origin": "Local Search"}
{"cpu_time": 361286.97915816307, "wallclock_time": 361522.69413661957, "evaluations": 518, "cost": 2097.6168151060265, "incumbent": ["const_mut_rate='1.3766212458431653'", "const_mut_str='1.0682159782889256'", "mut_rate='0.11780058865046895'", "mut_strength='0.5076945459809584'", "p_crossover='0.5380379146875346'", "p_elitism='0.5665960068666801'", "p_mutation='0.4228855387727421'", "p_random='0.1340150438063703'"], "origin": "Local Search"}
