{"cpu_time": 0.0, "wallclock_time": 5.626678466796875e-05, "evaluations": 0, "cost": 2147483648, "incumbent": {"const_mut_rate": 1.02, "const_mut_str": 1.01, "mut_rate": 0.2, "mut_strength": 0.2, "p_crossover": 0.3, "p_elitism": 0.2, "p_mutation": 0.3, "p_random": 0.2}, "budget": 0, "origin": "Initial design"}
{"cpu_time": 45.93320965766907, "wallclock_time": 45.96962237358093, "evaluations": 1, "cost": 5619.529719888318, "incumbent": {"const_mut_rate": 1.02, "const_mut_str": 1.01, "mut_rate": 0.2, "mut_strength": 0.2, "p_crossover": 0.3, "p_elitism": 0.2, "p_mutation": 0.3, "p_random": 0.2}, "budget": 0, "origin": "Initial design"}
{"cpu_time": 161371.74478793144, "wallclock_time": 161439.09962677956, "evaluations": 333, "cost": 2456.03315027168, "incumbent": {"const_mut_rate": 1.9770963572452396, "const_mut_str": 1.1040054593189788, "mut_rate": 0.39409511322863333, "mut_strength": 0.7941917342476582, "p_crossover": 0.8807857506496966, "p_elitism": 0.8600400888704406, "p_mutation": 0.9923143773482097, "p_random": 0.7979308903534291}, "budget": 0, "origin": "Local Search"}
{"cpu_time": 409049.9568953514, "wallclock_time": 409202.7256858349, "evaluations": 528, "cost": 2337.614953643096, "incumbent": {"const_mut_rate": 1.1178737948788537, "const_mut_str": 1.6507417460285962, "mut_rate": 0.634772827647354, "mut_strength": 0.1705550974116143, "p_crossover": 0.06327955866677032, "p_elitism": 0.3971952407419049, "p_mutation": 0.3132923531448162, "p_random": 0.0638893360698447}, "budget": 0, "origin": "Local Search"}
{"cpu_time": 552475.9452295303, "wallclock_time": 552732.2854425907, "evaluations": 719, "cost": 2210.5078117390663, "incumbent": {"const_mut_rate": 1.8105384277746048, "const_mut_str": 1.3588704764118527, "mut_rate": 0.5988544296648375, "mut_strength": 0.4074114978015659, "p_crossover": 0.6195751399589877, "p_elitism": 0.8767283963422776, "p_mutation": 0.6567018547464637, "p_random": 0.1991781827728668}, "budget": 0, "origin": "Local Search"}
{"cpu_time": 901095.7307598591, "wallclock_time": 901705.5838823318, "evaluations": 1172, "cost": 2165.077969353203, "incumbent": {"const_mut_rate": 1.745209457494255, "const_mut_str": 1.3593580494818915, "mut_rate": 0.6008892415767544, "mut_strength": 0.3766663305972297, "p_crossover": 0.5872952498848234, "p_elitism": 0.8867066490247995, "p_mutation": 0.5342030440987542, "p_random": 0.1991781827728668}, "budget": 0, "origin": "Local Search"}
{"cpu_time": 1106679.506550312, "wallclock_time": 1107715.2917659283, "evaluations": 1539, "cost": 2069.7179542131794, "incumbent": {"const_mut_rate": 1.5961685404741628, "const_mut_str": 1.179203910609114, "mut_rate": 0.028544162991505057, "mut_strength": 0.29478614380813417, "p_crossover": 0.40057709071320613, "p_elitism": 0.9909845589423842, "p_mutation": 0.3345376316637281, "p_random": 0.12282605836027946}, "budget": 0, "origin": "Local Search"}
