{"cpu_time": 0.0, "wallclock_time": 8.249282836914062e-05, "evaluations": 0, "cost": 2147483648, "incumbent": ["const_mut_rate='1.02'", "const_mut_str='1.01'", "mut_rate='0.2'", "mut_strength='0.2'", "p_crossover='0.3'", "p_elitism='0.2'", "p_mutation='0.3'", "p_random='0.2'"], "origin": "Initial design"}
{"cpu_time": 62.53681302070618, "wallclock_time": 62.57309055328369, "evaluations": 1, "cost": 1398.0228625884288, "incumbent": ["const_mut_rate='1.02'", "const_mut_str='1.01'", "mut_rate='0.2'", "mut_strength='0.2'", "p_crossover='0.3'", "p_elitism='0.2'", "p_mutation='0.3'", "p_random='0.2'"], "origin": "Initial design"}
{"cpu_time": 130342.81665563583, "wallclock_time": 130387.70269751549, "evaluations": 156, "cost": 2236.043249868324, "incumbent": ["const_mut_rate='1.9590125686935331'", "const_mut_str='1.7445277004108297'", "mut_rate='0.013717085740784214'", "mut_strength='0.43567756271385133'", "p_crossover='0.39874280093784936'", "p_elitism='0.9644945413472663'", "p_mutation='0.9166128867085928'", "p_random='0.16352973133313078'"], "origin": "Local Search"}
{"cpu_time": 301450.4874742031, "wallclock_time": 301605.2348573208, "evaluations": 392, "cost": 2198.2791474122478, "incumbent": ["const_mut_rate='1.8982081679743656'", "const_mut_str='1.7779451511629267'", "mut_rate='0.03970640277254678'", "mut_strength='0.33790313794268767'", "p_crossover='0.5005573480127262'", "p_elitism='0.948153712543567'", "p_mutation='0.8610623921839431'", "p_random='0.16347600197988754'"], "origin": "Local Search"}
{"cpu_time": 399092.9721159935, "wallclock_time": 399307.3110933304, "evaluations": 527, "cost": 2153.478749464273, "incumbent": ["const_mut_rate='1.876413615744759'", "const_mut_str='1.7992389588597706'", "mut_rate='0.03674072405774711'", "mut_strength='0.34181054788445225'", "p_crossover='0.44459279188705425'", "p_elitism='0.9658994200820332'", "p_mutation='0.8357666616164712'", "p_random='0.1625718195588993'"], "origin": "Local Search"}
{"cpu_time": 525878.645365715, "wallclock_time": 526257.387450695, "evaluations": 784, "cost": 2131.1988169229, "incumbent": ["const_mut_rate='1.7821155932591939'", "const_mut_str='1.7539832137178135'", "mut_rate='0.032654793608725786'", "mut_strength='0.3646113477061366'", "p_crossover='0.46807295699216817'", "p_elitism='0.8992093360979811'", "p_mutation='0.9376916161568348'", "p_random='0.1660178298030096'"], "origin": "Local Search"}
{"cpu_time": 702959.2319407463, "wallclock_time": 703644.4943649769, "evaluations": 1060, "cost": 1936.0588132175617, "incumbent": ["const_mut_rate='1.9023241832253786'", "const_mut_str='1.087470664308645'", "mut_rate='0.0899881084812717'", "mut_strength='0.6856168580379796'", "p_crossover='0.5747699123722084'", "p_elitism='0.5916091981153107'", "p_mutation='0.14065559350901308'", "p_random='0.09593719662658542'"], "origin": "Local Search"}
