{"cpu_time": 0.0, "wallclock_time": 4.220008850097656e-05, "evaluations": 0, "cost": 2147483648, "incumbent": ["const_mut_rate='1.02'", "const_mut_str='1.01'", "mut_rate='0.2'", "mut_strength='0.2'", "p_crossover='0.3'", "p_elitism='0.2'", "p_mutation='0.3'", "p_random='0.2'"], "origin": "Initial design"}
{"cpu_time": 38.82999062538147, "wallclock_time": 39.657700538635254, "evaluations": 1, "cost": 1445.934291490908, "incumbent": ["const_mut_rate='1.02'", "const_mut_str='1.01'", "mut_rate='0.2'", "mut_strength='0.2'", "p_crossover='0.3'", "p_elitism='0.2'", "p_mutation='0.3'", "p_random='0.2'"], "origin": "Initial design"}
{"cpu_time": 39304.1645154953, "wallclock_time": 39346.20529484749, "evaluations": 78, "cost": 1973.0141446994182, "incumbent": ["const_mut_rate='1.6195646502697052'", "const_mut_str='1.2673304501567806'", "mut_rate='0.2700981273461351'", "mut_strength='0.49619239083061567'", "p_crossover='0.5942291828612694'", "p_elitism='0.882019680813237'", "p_mutation='0.3593725325079149'", "p_random='0.14100145435107858'"], "origin": "Random Search (sorted)"}
{"cpu_time": 775665.9470918179, "wallclock_time": 777010.8034613132, "evaluations": 1287, "cost": 1942.7158831921, "incumbent": ["const_mut_rate='1.1556707099455377'", "const_mut_str='1.7368104820049959'", "mut_rate='0.9699806978644079'", "mut_strength='0.2673721959715471'", "p_crossover='0.9435568023112173'", "p_elitism='0.9500994060153675'", "p_mutation='0.2448547933407561'", "p_random='0.08809826416700572'"], "origin": "Random Search"}
