{"cpu_time": 0.0, "wallclock_time": 4.887580871582031e-05, "evaluations": 0, "cost": 2147483648, "incumbent": ["const_mut_rate='1.02'", "const_mut_str='1.01'", "mut_rate='0.2'", "mut_strength='0.2'", "p_crossover='0.3'", "p_elitism='0.2'", "p_mutation='0.3'", "p_random='0.2'"], "origin": "Initial design"}
{"cpu_time": 3711.334441423416, "wallclock_time": 3711.4857890605927, "evaluations": 1, "cost": 2089.3033295943615, "incumbent": ["const_mut_rate='1.02'", "const_mut_str='1.01'", "mut_rate='0.2'", "mut_strength='0.2'", "p_crossover='0.3'", "p_elitism='0.2'", "p_mutation='0.3'", "p_random='0.2'"], "origin": "Initial design"}
{"cpu_time": 500097.75785183907, "wallclock_time": 500566.09046697617, "evaluations": 975, "cost": 1888.8327949300176, "incumbent": ["const_mut_rate='1.2703831251471218'", "const_mut_str='1.269444825598013'", "mut_rate='0.7871927644055865'", "mut_strength='0.31836435629868387'", "p_crossover='0.804745290492422'", "p_elitism='0.7310042572602333'", "p_mutation='0.5337395031577935'", "p_random='0.26488240507395633'"], "origin": "Random Search"}
{"cpu_time": 827250.6966831684, "wallclock_time": 828343.4613296986, "evaluations": 1535, "cost": 1803.0803463026127, "incumbent": ["const_mut_rate='1.2625954563118742'", "const_mut_str='1.2668657979511926'", "mut_rate='0.17295812623192028'", "mut_strength='0.8234374902580722'", "p_crossover='0.3864383695979047'", "p_elitism='0.6000846461856398'", "p_mutation='0.15979235732579844'", "p_random='0.07332024280609792'"], "origin": "Local Search"}
