{"cpu_time": 0.0, "wallclock_time": 4.9114227294921875e-05, "evaluations": 0, "cost": 2147483648, "incumbent": ["const_mut_rate='1.02'", "const_mut_str='1.01'", "mut_rate='0.2'", "mut_strength='0.2'", "p_crossover='0.3'", "p_elitism='0.2'", "p_mutation='0.3'", "p_random='0.2'"], "origin": "Initial design"}
{"cpu_time": 39.41969037055969, "wallclock_time": 40.2691912651062, "evaluations": 1, "cost": 5165.992148611924, "incumbent": ["const_mut_rate='1.02'", "const_mut_str='1.01'", "mut_rate='0.2'", "mut_strength='0.2'", "p_crossover='0.3'", "p_elitism='0.2'", "p_mutation='0.3'", "p_random='0.2'"], "origin": "Initial design"}
{"cpu_time": 65037.59601998329, "wallclock_time": 65087.649410009384, "evaluations": 139, "cost": 2372.4678422400107, "incumbent": ["const_mut_rate='1.9208473628689609'", "const_mut_str='1.9490910248910058'", "mut_rate='0.5126524404590536'", "mut_strength='0.10550799264547296'", "p_crossover='0.28567596911056603'", "p_elitism='0.9823266219161334'", "p_mutation='0.9315765642931759'", "p_random='0.20245783342007556'"], "origin": "Local Search"}
{"cpu_time": 121221.59271073341, "wallclock_time": 121289.39108276367, "evaluations": 228, "cost": 2273.992108254949, "incumbent": ["const_mut_rate='1.9634897666077051'", "const_mut_str='1.92985367314084'", "mut_rate='0.5207913173876447'", "mut_strength='0.07062573591257236'", "p_crossover='0.3444281006753228'", "p_elitism='0.7720517282209318'", "p_mutation='0.9616214287645216'", "p_random='0.14059896512271758'"], "origin": "Local Search"}
{"cpu_time": 307465.79451203346, "wallclock_time": 307640.5660896301, "evaluations": 451, "cost": 2212.3566079638713, "incumbent": ["const_mut_rate='1.5107843062614732'", "const_mut_str='1.0775231348239347'", "mut_rate='0.12066135882002994'", "mut_strength='0.39459664449854714'", "p_crossover='0.5441344593087214'", "p_elitism='0.49288674700358565'", "p_mutation='0.4034808043931962'", "p_random='0.1340150438063703'"], "origin": "Local Search"}
{"cpu_time": 467048.41119885445, "wallclock_time": 467364.0828347206, "evaluations": 682, "cost": 2104.826600998385, "incumbent": ["const_mut_rate='1.9391642068378567'", "const_mut_str='1.7556162955453694'", "mut_rate='0.028761470293384807'", "mut_strength='0.34214442365565684'", "p_crossover='0.6009160439411247'", "p_elitism='0.9622011889055093'", "p_mutation='0.9049255829460602'", "p_random='0.16347600197988754'"], "origin": "Local Search"}
{"cpu_time": 1068764.8191783428, "wallclock_time": 1070327.1979224682, "evaluations": 1696, "cost": 2102.7687850519364, "incumbent": ["const_mut_rate='1.7144494787948301'", "const_mut_str='1.9328139603741117'", "mut_rate='0.031231168640576356'", "mut_strength='0.4259448480553716'", "p_crossover='0.456835590676596'", "p_elitism='0.9575775641276523'", "p_mutation='0.896028977227906'", "p_random='0.15523353654107697'"], "origin": "Local Search"}
