{"cpu_time": 0.0, "wallclock_time": 4.363059997558594e-05, "evaluations": 0, "cost": 2147483648, "incumbent": {"const_mut_rate": 1.02, "const_mut_str": 1.01, "mut_rate": 0.2, "mut_strength": 0.2, "p_crossover": 0.3, "p_elitism": 0.2, "p_mutation": 0.3, "p_random": 0.2}, "budget": 0, "origin": "Initial design"}
{"cpu_time": 40.01888132095337, "wallclock_time": 40.05730700492859, "evaluations": 1, "cost": 2024.0440134475225, "incumbent": {"const_mut_rate": 1.02, "const_mut_str": 1.01, "mut_rate": 0.2, "mut_strength": 0.2, "p_crossover": 0.3, "p_elitism": 0.2, "p_mutation": 0.3, "p_random": 0.2}, "budget": 0, "origin": "Initial design"}
{"cpu_time": 101350.96745538712, "wallclock_time": 101405.5815217495, "evaluations": 231, "cost": 2043.6861317044882, "incumbent": {"const_mut_rate": 1.4717812095206397, "const_mut_str": 1.4917817380280063, "mut_rate": 0.34511621655182556, "mut_strength": 0.5278369453954752, "p_crossover": 0.46038756132878245, "p_elitism": 0.41550774588062533, "p_mutation": 0.10670098062927424, "p_random": 0.010179729988767483}, "budget": 0, "origin": "Random Search"}
