{"cpu_time": 0.0, "wallclock_time": 4.673004150390625e-05, "evaluations": 0, "cost": 2147483648, "incumbent": {"const_mut_rate": 1.02, "const_mut_str": 1.01, "mut_rate": 0.2, "mut_strength": 0.2, "p_crossover": 0.3, "p_elitism": 0.2, "p_mutation": 0.3, "p_random": 0.2}, "budget": 0, "origin": "Initial design"}
{"cpu_time": 39.19249987602234, "wallclock_time": 39.23226881027222, "evaluations": 1, "cost": 2295.86502899226, "incumbent": {"const_mut_rate": 1.02, "const_mut_str": 1.01, "mut_rate": 0.2, "mut_strength": 0.2, "p_crossover": 0.3, "p_elitism": 0.2, "p_mutation": 0.3, "p_random": 0.2}, "budget": 0, "origin": "Initial design"}
{"cpu_time": 11566.524132490158, "wallclock_time": 11571.504489183426, "evaluations": 60, "cost": 2065.9683478782945, "incumbent": {"const_mut_rate": 1.6747237006509827, "const_mut_str": 1.5221999438102243, "mut_rate": 0.46492596456857316, "mut_strength": 0.6163674448456784, "p_crossover": 0.636498646318343, "p_elitism": 0.41924176885866504, "p_mutation": 0.09030803686804223, "p_random": 0.10450493044552955}, "budget": 0, "origin": "Random Search (sorted)"}
