{"cpu_time": 0.0, "wallclock_time": 6.222724914550781e-05, "evaluations": 0, "cost": 2147483648, "incumbent": {"const_mut_rate": 1.02, "const_mut_str": 1.01, "mut_rate": 0.2, "mut_strength": 0.2, "p_crossover": 0.3, "p_elitism": 0.2, "p_mutation": 0.3, "p_random": 0.2}, "budget": 0, "origin": "Initial design"}
{"cpu_time": 417.01366448402405, "wallclock_time": 417.07932209968567, "evaluations": 1, "cost": 1911.660103517958, "incumbent": {"const_mut_rate": 1.02, "const_mut_str": 1.01, "mut_rate": 0.2, "mut_strength": 0.2, "p_crossover": 0.3, "p_elitism": 0.2, "p_mutation": 0.3, "p_random": 0.2}, "budget": 0, "origin": "Initial design"}
{"cpu_time": 275377.38108563423, "wallclock_time": 275495.38566708565, "evaluations": 407, "cost": 1898.92611588622, "incumbent": {"const_mut_rate": 1.571704545460724, "const_mut_str": 1.1520459868091733, "mut_rate": 0.5413010541701913, "mut_strength": 0.03268331733331583, "p_crossover": 0.900986563010123, "p_elitism": 0.8358115275266325, "p_mutation": 0.3683408395636344, "p_random": 0.1442992199956728}, "budget": 0, "origin": "Local Search"}
